Country,Year,Beginning Stocks,Domestic Consumption,Ending Stocks,Exports,Feed Waste Dom. Cons.,Food Use Dom. Cons.,Imports,Industrial Dom. Cons.,Production,Total Distribution,Total Supply
Algeria,1964,0,15,0,3,0,15,0,0,18,18,18
Algeria,1965,0,12,0,5,0,12,0,0,17,17,17
Algeria,1966,0,16,0,0,0,16,0,0,16,16,16
Algeria,1967,0,15,0,7,0,15,0,0,22,22,22
Algeria,1968,0,11,0,7,0,11,0,0,18,18,18
Algeria,1969,0,19,0,3,0,19,0,0,22,22,22
Algeria,1970,0,12,0,1,0,12,0,0,13,13,13
Algeria,1971,0,20,2,1,0,20,0,0,23,23,23
Algeria,1972,2,13,2,2,0,13,0,0,15,17,17
Algeria,1973,2,11,3,4,0,11,0,0,16,18,18
Algeria,1974,3,10,1,0,0,10,0,0,8,11,11
Algeria,1975,1,16,3,0,0,16,0,0,18,19,19
Algeria,1976,3,15,3,0,0,15,0,0,15,18,18
Algeria,1977,3,8,0,0,0,8,0,0,5,8,8
Algeria,1978,0,13,1,0,0,13,0,0,14,14,14
Algeria,1979,1,11,0,0,0,11,0,0,10,11,11
Algeria,1980,0,18,0,0,0,18,0,0,18,18,18
Algeria,1981,0,15,0,0,0,15,0,0,15,15,15
Algeria,1982,0,16,0,0,0,16,0,0,16,16,16
Algeria,1983,0,13,0,0,0,13,0,0,13,13,13
Algeria,1984,0,12,0,0,0,12,0,0,12,12,12
Algeria,1985,0,12,0,0,0,12,0,0,12,12,12
Algeria,1986,0,12,0,0,0,12,0,0,12,12,12
Algeria,1987,0,12,0,0,0,12,0,0,12,12,12
Algeria,1988,0,10,3,0,0,10,0,0,13,13,13
Algeria,1989,3,15,2,0,0,15,0,0,14,17,17
Algeria,1990,2,24,2,0,0,24,0,0,24,26,26
Algeria,1991,2,26,13,0,0,26,0,0,37,39,39
Algeria,1992,13,27,13,0,0,27,0,0,27,40,40
Algeria,1993,13,27,7,0,0,27,0,0,21,34,34
Algeria,1994,7,24,0,0,0,24,0,0,17,24,24
Algeria,1995,0,30,22,0,0,30,0,0,52,52,52
Algeria,1996,22,34,39,0,0,34,0,0,51,73,73
Algeria,1997,39,35,19,0,0,35,0,0,15,54,54
Algeria,1998,19,36,38,0,0,36,0,0,55,74,74
Algeria,1999,38,36,36,0,0,36,0,0,34,72,72
Algeria,2000,36,35,27,0,0,35,0,0,26,62,62
Algeria,2001,27,35,19,0,0,35,1,0,26,54,54
Algeria,2002,19,34,0,0,0,34,0,0,15,34,34
Algeria,2003,0,37,33,0,0,37,0,0,70,70,70
Algeria,2004,33,37,30,0,0,37,0,0,34,67,67
Algeria,2005,30,37,25,0,0,37,0,0,32,62,62
Algeria,2006,25,36,11,0,0,36,0,0,22,47,47
Algeria,2007,11,35,0,0,0,35,0,0,24,35,35
Algeria,2008,0,42,21,0,0,42,1,0,62,63,63
Algeria,2009,21,67,4,0,0,67,0,0,50,71,71
Algeria,2010,4,38,6,0,0,38,0,0,40,44,44
Algeria,2011,6,59,10,0,0,59,0,0,63,69,69
Algeria,2012,10,53,12,0,0,53,0,0,55,65,65
Algeria,2013,12,55,14,0,0,55,0,0,57,69,69
Algeria,2014,14,65,19,0,0,65,0,0,70,84,84
Algeria,2015,19,80,21,0,0,80,0,0,82,101,101
Algeria,2016,21,66,18,0,0,66,0,0,63,84,84
Algeria,2017,18,85,16,0,0,85,0,0,83,101,101
Algeria,2018,16,92,21,0,0,92,0,0,97,113,113
Algeria,2019,21,115,32,0,0,115,0,0,126,147,147
Algeria,2020,32,80,21,1,0,80,0,0,70,102,102
Algeria,2021,21,95,20,0,0,95,0,0,94,115,115
Algeria,2022,20,75,21,0,0,75,0,0,76,96,96
Algeria,2023,21,92,22,0,0,92,0,0,93,114,114
Argentina,1964,0,0,0,0,0,0,0,0,0,0,0
Argentina,1965,0,0,0,0,0,0,0,0,0,0,0
Argentina,1966,0,0,0,0,0,0,0,0,0,0,0
Argentina,1967,0,0,0,0,0,0,0,0,0,0,0
Argentina,1968,0,0,0,0,0,0,0,0,0,0,0
Argentina,1969,0,0,0,0,0,0,0,0,0,0,0
Argentina,1970,0,0,0,0,0,0,0,0,0,0,0
Argentina,1971,0,0,0,0,0,0,0,0,0,0,0
Argentina,1972,0,0,0,0,0,0,0,0,0,0,0
Argentina,1973,0,0,0,0,0,0,0,0,0,0,0
Argentina,1974,0,0,0,0,0,0,0,0,0,0,0
Argentina,1975,0,0,0,0,0,0,0,0,0,0,0
Argentina,1976,0,0,0,0,0,0,0,0,0,0,0
Argentina,1977,0,0,0,0,0,0,0,0,0,0,0
Argentina,1978,0,0,0,0,0,0,0,0,0,0,0
Argentina,1979,0,0,0,0,0,0,0,0,0,0,0
Argentina,1980,0,0,0,0,0,0,0,0,0,0,0
Argentina,1981,0,0,0,0,0,0,0,0,0,0,0
Argentina,1982,0,0,0,0,0,0,0,0,0,0,0
Argentina,1983,0,0,0,0,0,0,0,0,0,0,0
Argentina,1984,0,0,0,0,0,0,0,0,0,0,0
Argentina,1985,0,0,0,0,0,0,0,0,0,0,0
Argentina,1986,0,0,0,0,0,0,0,0,0,0,0
Argentina,1987,0,0,0,0,0,0,0,0,0,0,0
Argentina,1988,0,0,0,0,0,0,0,0,0,0,0
Argentina,1989,0,0,0,0,0,0,0,0,0,0,0
Argentina,1990,0,0,0,0,0,0,0,0,0,0,0
Argentina,1991,0,0,0,0,0,0,0,0,0,0,0
Argentina,1992,0,0,0,0,0,0,0,0,0,0,0
Argentina,1993,0,0,0,0,0,0,0,0,0,0,0
Argentina,1994,0,0,0,0,0,0,0,0,0,0,0
Argentina,1995,0,0,0,0,0,0,0,0,0,0,0
Argentina,1996,0,0,0,0,0,0,0,0,0,0,0
Argentina,1997,0,0,0,0,0,0,0,0,0,0,0
Argentina,1998,0,0,0,0,0,0,0,0,0,0,0
Argentina,1999,0,0,0,0,0,0,0,0,0,0,0
Argentina,2000,0,0,0,0,0,0,0,0,0,0,0
Argentina,2001,0,0,0,0,0,0,0,0,0,0,0
Argentina,2002,0,0,0,0,0,0,0,0,0,0,0
Argentina,2003,0,0,0,0,0,0,0,0,0,0,0
Argentina,2004,0,0,0,0,0,0,0,0,0,0,0
Argentina,2005,0,3,3,15,0,3,0,0,21,21,21
Argentina,2006,3,3,2,18,0,3,0,0,20,23,23
Argentina,2007,2,3,9,16,0,3,0,0,26,28,28
Argentina,2008,9,3,8,19,0,3,0,0,21,30,30
Argentina,2009,8,3,11,12,0,3,0,0,18,26,26
Argentina,2010,11,3,8,22,0,3,0,0,22,33,33
Argentina,2011,8,3,18,16,0,3,0,0,29,37,37
Argentina,2012,18,3,14,22,0,3,0,0,21,39,39
Argentina,2013,14,3,26,12,0,3,0,0,27,41,41
Argentina,2014,26,8,11,31,0,8,0,0,24,50,50
Argentina,2015,11,8,11,16,0,8,0,0,24,35,35
Argentina,2016,11,8,4,37,0,8,0,0,38,49,49
Argentina,2017,4,8,23,20,0,8,2,0,45,51,51
Argentina,2018,23,8,20,23,0,8,0,0,28,51,51
Argentina,2019,20,8,21,22,0,8,1,0,30,51,51
Argentina,2020,21,8,17,27,0,8,1,0,30,52,52
Argentina,2021,17,8,19,26,0,8,3,0,33,53,53
Argentina,2022,19,8,6,37,0,8,1,0,31,51,51
Argentina,2023,6,8,4,30,0,8,1,0,35,42,42
Australia,1964,0,5,0,0,0,5,5,0,0,5,5
Australia,1965,0,2,0,0,0,2,2,0,0,2,2
Australia,1966,0,5,0,0,0,5,5,0,0,5,5
Australia,1967,0,4,0,0,0,4,4,0,0,4,4
Australia,1968,0,5,0,0,0,5,5,0,0,5,5
Australia,1969,0,5,0,0,0,5,5,0,0,5,5
Australia,1970,0,5,0,0,0,5,5,0,0,5,5
Australia,1971,0,5,0,0,0,5,5,0,0,5,5
Australia,1972,0,3,0,0,0,3,3,0,0,3,3
Australia,1973,0,5,0,0,0,5,5,0,0,5,5
Australia,1974,0,4,0,0,0,4,4,0,0,4,4
Australia,1975,0,5,0,0,0,5,5,0,0,5,5
Australia,1976,0,6,0,0,0,6,6,0,0,6,6
Australia,1977,0,6,0,0,0,6,6,0,0,6,6
Australia,1978,0,5,0,0,0,5,5,0,0,5,5
Australia,1979,0,5,0,0,0,5,5,0,0,5,5
Australia,1980,0,5,0,0,0,5,5,0,0,5,5
Australia,1981,0,5,0,0,0,5,5,0,0,5,5
Australia,1982,0,5,0,0,0,5,5,0,0,5,5
Australia,1983,0,5,0,0,0,5,5,0,0,5,5
Australia,1984,0,7,0,0,0,7,7,0,0,7,7
Australia,1985,0,11,0,0,0,11,11,0,0,11,11
Australia,1986,0,43,0,0,0,43,43,0,0,43,43
Australia,1987,0,9,0,0,0,9,9,0,0,9,9
Australia,1988,0,11,0,0,0,11,11,0,0,11,11
Australia,1989,0,13,0,0,0,13,13,0,0,13,13
Australia,1990,0,10,0,0,0,10,10,0,0,10,10
Australia,1991,0,15,0,0,0,15,15,0,0,15,15
Australia,1992,0,15,0,0,0,15,15,0,0,15,15
Australia,1993,0,15,0,0,0,15,15,0,0,15,15
Australia,1994,0,15,0,0,0,15,15,0,0,15,15
Australia,1995,0,19,0,0,0,19,19,0,0,19,19
Australia,1996,0,19,0,0,0,19,19,0,0,19,19
Australia,1997,0,19,0,0,0,19,19,0,0,19,19
Australia,1998,0,24,0,0,0,24,23,0,1,24,24
Australia,1999,0,28,0,0,0,28,27,0,1,28,28
Australia,2000,0,30,0,0,0,30,28,0,2,30,30
Australia,2001,0,31,0,0,0,31,29,0,2,31,31
Australia,2002,0,31,0,0,0,31,28,0,3,31,31
Australia,2003,0,33,2,1,0,33,33,0,3,36,36
Australia,2004,2,34,0,2,0,34,29,0,5,36,36
Australia,2005,0,41,0,3,0,41,35,0,9,44,44
Australia,2006,0,42,7,3,0,42,43,0,9,52,52
Australia,2007,7,39,0,4,0,39,24,0,12,43,43
Australia,2008,0,39,0,7,0,39,31,0,15,46,46
Australia,2009,0,50,8,6,0,50,46,0,18,64,64
Australia,2010,8,50,8,7,0,50,39,0,18,65,65
Australia,2011,8,55,8,4,0,55,40,0,19,67,67
Australia,2012,8,55,3,5,0,55,35,0,20,63,63
Australia,2013,3,40,3,3,0,40,29,0,14,46,46
Australia,2014,3,35,2,6,0,35,20,0,20,43,43
Australia,2015,2,45,11,3,0,45,37,0,20,59,59
Australia,2016,11,50,12,3,0,50,33,0,21,65,65
Australia,2017,12,52,10,4,0,52,33,0,21,66,66
Australia,2018,10,55,11,3,0,55,39,0,20,69,69
Australia,2019,11,60,4,3,0,60,48,0,8,67,67
Australia,2020,4,56,15,2,0,56,46,0,23,73,73
Australia,2021,15,55,19,3,0,55,42,0,20,77,77
Australia,2022,19,55,16,5,0,55,33,0,24,76,76
Australia,2023,16,50,11,5,0,50,30,0,20,66,66
Belgium-Luxembourg,1964,0,0,0,0,0,0,0,0,0,0,0
Belgium-Luxembourg,1965,0,0,0,0,0,0,0,0,0,0,0
Belgium-Luxembourg,1966,0,0,0,0,0,0,0,0,0,0,0
Belgium-Luxembourg,1967,0,0,0,0,0,0,0,0,0,0,0
Belgium-Luxembourg,1968,0,0,0,0,0,0,0,0,0,0,0
Belgium-Luxembourg,1969,0,1,0,0,0,1,1,0,0,1,1
Belgium-Luxembourg,1970,0,1,0,0,0,1,1,0,0,1,1
Belgium-Luxembourg,1971,0,1,0,0,0,1,1,0,0,1,1
Belgium-Luxembourg,1972,0,1,0,0,0,1,1,0,0,1,1
Belgium-Luxembourg,1973,0,1,0,0,0,1,1,0,0,1,1
Belgium-Luxembourg,1974,0,1,0,0,0,1,1,0,0,1,1
Belgium-Luxembourg,1975,0,1,0,0,0,1,1,0,0,1,1
Belgium-Luxembourg,1976,0,1,0,0,0,1,1,0,0,1,1
Belgium-Luxembourg,1977,0,1,0,0,0,1,1,0,0,1,1
Belgium-Luxembourg,1978,0,1,0,0,0,1,1,0,0,1,1
Belgium-Luxembourg,1979,0,1,0,0,0,1,1,0,0,1,1
Belgium-Luxembourg,1980,0,1,0,0,0,1,1,0,0,1,1
Belgium-Luxembourg,1981,0,1,0,0,0,1,1,0,0,1,1
Belgium-Luxembourg,1982,0,1,0,0,0,1,1,0,0,1,1
Belgium-Luxembourg,1983,0,1,0,0,0,1,1,0,0,1,1
Belgium-Luxembourg,1984,0,1,0,0,0,1,1,0,0,1,1
Belgium-Luxembourg,1985,0,2,0,0,0,2,2,0,0,2,2
Belgium-Luxembourg,1986,0,2,0,0,0,2,2,0,0,2,2
Belgium-Luxembourg,1987,0,2,0,0,0,2,2,0,0,2,2
Belgium-Luxembourg,1988,0,2,0,0,0,2,2,0,0,2,2
Belgium-Luxembourg,1989,0,2,0,0,0,2,2,0,0,2,2
Belgium-Luxembourg,1990,0,2,0,1,0,2,3,0,0,3,3
Belgium-Luxembourg,1991,0,0,0,0,0,0,0,0,0,0,0
Belgium-Luxembourg,1992,0,0,0,0,0,0,0,0,0,0,0
Belgium-Luxembourg,1993,0,0,0,0,0,0,0,0,0,0,0
Belgium-Luxembourg,1994,0,0,0,0,0,0,0,0,0,0,0
Belgium-Luxembourg,1995,0,0,0,0,0,0,0,0,0,0,0
Belgium-Luxembourg,1996,0,0,0,0,0,0,0,0,0,0,0
Belgium-Luxembourg,1997,0,0,0,0,0,0,0,0,0,0,0
Belgium-Luxembourg,1998,0,0,0,0,0,0,0,0,0,0,0
Belgium-Luxembourg,1999,0,0,0,0,0,0,0,0,0,0,0
Belgium-Luxembourg,2000,0,0,0,0,0,0,0,0,0,0,0
Belgium-Luxembourg,2001,0,0,0,0,0,0,0,0,0,0,0
Belgium-Luxembourg,2002,0,0,0,0,0,0,0,0,0,0,0
Belgium-Luxembourg,2003,0,0,0,0,0,0,0,0,0,0,0
Belgium-Luxembourg,2004,0,0,0,0,0,0,0,0,0,0,0
Belgium-Luxembourg,2005,0,0,0,0,0,0,0,0,0,0,0
Belgium-Luxembourg,2006,0,0,0,0,0,0,0,0,0,0,0
Belgium-Luxembourg,2007,0,0,0,0,0,0,0,0,0,0,0
Belgium-Luxembourg,2008,0,0,0,0,0,0,0,0,0,0,0
Belgium-Luxembourg,2009,0,0,0,0,0,0,0,0,0,0,0
Belgium-Luxembourg,2010,0,0,0,0,0,0,0,0,0,0,0
Belgium-Luxembourg,2011,0,0,0,0,0,0,0,0,0,0,0
Belgium-Luxembourg,2012,0,0,0,0,0,0,0,0,0,0,0
Belgium-Luxembourg,2013,0,0,0,0,0,0,0,0,0,0,0
Belgium-Luxembourg,2014,0,0,0,0,0,0,0,0,0,0,0
Belgium-Luxembourg,2015,0,0,0,0,0,0,0,0,0,0,0
Belgium-Luxembourg,2016,0,0,0,0,0,0,0,0,0,0,0
Belgium-Luxembourg,2017,0,0,0,0,0,0,0,0,0,0,0
Belgium-Luxembourg,2018,0,0,0,0,0,0,0,0,0,0,0
Belgium-Luxembourg,2019,0,0,0,0,0,0,0,0,0,0,0
Belgium-Luxembourg,2020,0,0,0,0,0,0,0,0,0,0,0
Belgium-Luxembourg,2021,0,0,0,0,0,0,0,0,0,0,0
Belgium-Luxembourg,2022,0,0,0,0,0,0,0,0,0,0,0
Belgium-Luxembourg,2023,0,0,0,0,0,0,0,0,0,0,0
Brazil,1964,0,8,0,0,0,8,8,0,0,8,8
Brazil,1965,0,10,0,0,0,10,10,0,0,10,10
Brazil,1966,0,11,0,0,0,11,11,0,0,11,11
Brazil,1967,0,11,0,0,0,11,11,0,0,11,11
Brazil,1968,0,10,0,0,0,10,10,0,0,10,10
Brazil,1969,0,13,0,0,0,13,13,0,0,13,13
Brazil,1970,0,11,0,0,0,11,11,0,0,11,11
Brazil,1971,0,13,0,0,0,13,13,0,0,13,13
Brazil,1972,0,14,0,0,0,14,14,0,0,14,14
Brazil,1973,0,12,0,0,0,12,12,0,0,12,12
Brazil,1974,0,10,0,0,0,10,10,0,0,10,10
Brazil,1975,0,11,0,0,0,11,11,0,0,11,11
Brazil,1976,0,11,0,0,0,11,11,0,0,11,11
Brazil,1977,0,11,0,0,0,11,11,0,0,11,11
Brazil,1978,0,13,0,0,0,13,13,0,0,13,13
Brazil,1979,0,10,0,0,0,10,10,0,0,10,10
Brazil,1980,0,11,0,0,0,11,11,0,0,11,11
Brazil,1981,0,11,0,0,0,11,11,0,0,11,11
Brazil,1982,0,11,0,0,0,11,11,0,0,11,11
Brazil,1983,0,8,0,0,0,8,8,0,0,8,8
Brazil,1984,0,10,0,0,0,10,10,0,0,10,10
Brazil,1985,0,12,0,0,0,12,12,0,0,12,12
Brazil,1986,0,14,0,0,0,14,14,0,0,14,14
Brazil,1987,0,9,0,0,0,9,9,0,0,9,9
Brazil,1988,0,20,0,0,0,20,20,0,0,20,20
Brazil,1989,0,12,0,0,0,12,12,0,0,12,12
Brazil,1990,0,8,0,0,0,8,8,0,0,8,8
Brazil,1991,0,15,0,0,0,15,15,0,0,15,15
Brazil,1992,0,15,0,0,0,15,15,0,0,15,15
Brazil,1993,0,17,0,0,0,17,17,0,0,17,17
Brazil,1994,0,17,0,0,0,17,17,0,0,17,17
Brazil,1995,0,26,0,0,0,26,26,0,0,26,26
Brazil,1996,0,26,0,0,0,26,26,0,0,26,26
Brazil,1997,0,26,2,0,0,26,28,0,0,28,28
Brazil,1998,2,22,0,0,0,22,20,0,0,22,22
Brazil,1999,0,26,0,0,0,26,26,0,0,26,26
Brazil,2000,0,24,0,0,0,24,24,0,0,24,24
Brazil,2001,0,22,0,0,0,22,22,0,0,22,22
Brazil,2002,0,21,0,0,0,21,21,0,0,21,21
Brazil,2003,0,24,0,0,0,24,24,0,0,24,24
Brazil,2004,0,27,0,0,0,27,27,0,0,27,27
Brazil,2005,0,28,0,0,0,28,28,0,0,28,28
Brazil,2006,0,38,0,0,0,38,38,0,0,38,38
Brazil,2007,0,43,2,0,0,43,45,0,0,45,45
Brazil,2008,2,48,2,0,0,48,48,0,0,50,50
Brazil,2009,2,56,2,0,0,56,56,0,0,58,58
Brazil,2010,2,66,2,0,0,66,66,0,0,68,68
Brazil,2011,2,74,4,0,0,74,76,0,0,78,78
Brazil,2012,4,75,2,0,0,75,73,0,0,77,77
Brazil,2013,2,75,1,0,0,75,74,0,0,76,76
Brazil,2014,1,58,1,0,0,58,58,0,0,59,59
Brazil,2015,1,57,1,0,0,57,57,0,0,58,58
Brazil,2016,1,60,1,0,0,60,60,0,0,61,61
Brazil,2017,1,80,1,0,0,80,80,0,0,81,81
Brazil,2018,1,91,1,0,0,91,91,0,0,92,92
Brazil,2019,1,110,2,0,0,110,111,0,0,112,112
Brazil,2020,2,98,2,0,0,98,98,0,0,100,100
Brazil,2021,2,110,2,0,0,110,110,0,0,112,112
Brazil,2022,2,80,2,0,0,80,80,0,0,82,82
Brazil,2023,2,75,2,0,0,75,75,0,0,77,77
Canada,1964,0,1,0,0,0,1,1,0,0,1,1
Canada,1965,0,2,0,0,0,2,2,0,0,2,2
Canada,1966,0,2,0,0,0,2,2,0,0,2,2
Canada,1967,0,2,0,0,0,2,2,0,0,2,2
Canada,1968,0,2,0,0,0,2,2,0,0,2,2
Canada,1969,0,2,0,0,0,2,2,0,0,2,2
Canada,1970,0,2,0,0,0,2,2,0,0,2,2
Canada,1971,0,3,0,0,0,3,3,0,0,3,3
Canada,1972,0,2,0,0,0,2,2,0,0,2,2
Canada,1973,0,2,0,0,0,2,2,0,0,2,2
Canada,1974,0,2,0,0,0,2,2,0,0,2,2
Canada,1975,0,3,0,0,0,3,3,0,0,3,3
Canada,1976,0,5,0,0,0,5,5,0,0,5,5
Canada,1977,0,3,0,0,0,3,3,0,0,3,3
Canada,1978,0,3,0,0,0,3,3,0,0,3,3
Canada,1979,0,4,0,0,0,4,4,0,0,4,4
Canada,1980,0,4,0,0,0,4,4,0,0,4,4
Canada,1981,0,4,0,0,0,4,4,0,0,4,4
Canada,1982,0,4,0,0,0,4,4,0,0,4,4
Canada,1983,0,5,0,0,0,5,5,0,0,5,5
Canada,1984,0,5,0,0,0,5,5,0,0,5,5
Canada,1985,0,4,0,0,0,4,4,0,0,4,4
Canada,1986,0,6,0,0,0,6,6,0,0,6,6
Canada,1987,0,7,0,0,0,7,7,0,0,7,7
Canada,1988,0,7,0,0,0,7,7,0,0,7,7
Canada,1989,0,7,0,0,0,7,7,0,0,7,7
Canada,1990,0,10,0,0,0,10,10,0,0,10,10
Canada,1991,0,12,0,0,0,12,12,0,0,12,12
Canada,1992,0,13,0,0,0,13,13,0,0,13,13
Canada,1993,0,14,0,0,0,14,14,0,0,14,14
Canada,1994,0,15,0,0,0,15,15,0,0,15,15
Canada,1995,0,19,0,0,0,19,19,0,0,19,19
Canada,1996,0,19,0,0,0,19,19,0,0,19,19
Canada,1997,0,22,0,0,0,22,22,0,0,22,22
Canada,1998,0,17,0,0,0,17,17,0,0,17,17
Canada,1999,0,24,0,0,0,24,24,0,0,24,24
Canada,2000,0,24,0,0,0,24,24,0,0,24,24
Canada,2001,0,24,0,0,0,24,24,0,0,24,24
Canada,2002,0,25,0,0,0,25,25,0,0,25,25
Canada,2003,0,25,0,1,0,25,26,0,0,26,26
Canada,2004,0,31,0,1,0,31,32,0,0,32,32
Canada,2005,0,30,0,1,0,30,31,0,0,31,31
Canada,2006,0,34,0,1,0,34,35,0,0,35,35
Canada,2007,0,34,0,1,0,34,35,0,0,35,35
Canada,2008,0,31,0,1,0,31,32,0,0,32,32
Canada,2009,0,37,0,1,0,37,38,0,0,38,38
Canada,2010,0,39,0,1,0,39,40,0,0,40,40
Canada,2011,0,39,2,1,0,39,42,0,0,42,42
Canada,2012,2,39,0,1,0,39,38,0,0,40,40
Canada,2013,0,40,2,0,0,40,42,0,0,42,42
Canada,2014,2,38,1,1,0,38,38,0,0,40,40
Canada,2015,1,41,1,1,0,41,42,0,0,43,43
Canada,2016,1,40,1,2,0,40,42,0,0,43,43
Canada,2017,1,46,2,1,0,46,48,0,0,49,49
Canada,2018,2,47,2,0,0,47,47,0,0,49,49
Canada,2019,2,56,5,0,0,56,59,0,0,61,61
Canada,2020,5,56,5,0,0,56,56,0,0,61,61
Canada,2021,5,58,2,1,0,58,56,0,0,61,61
Canada,2022,2,48,2,0,0,48,48,0,0,50,50
Canada,2023,2,35,2,0,0,35,35,0,0,37,37
Chile,1964,0,0,0,0,0,0,0,0,0,0,0
Chile,1965,0,0,0,0,0,0,0,0,0,0,0
Chile,1966,0,0,0,0,0,0,0,0,0,0,0
Chile,1967,0,0,0,0,0,0,0,0,0,0,0
Chile,1968,0,0,0,0,0,0,0,0,0,0,0
Chile,1969,0,0,0,0,0,0,0,0,0,0,0
Chile,1970,0,0,0,0,0,0,0,0,0,0,0
Chile,1971,0,0,0,0,0,0,0,0,0,0,0
Chile,1972,0,0,0,0,0,0,0,0,0,0,0
Chile,1973,0,0,0,0,0,0,0,0,0,0,0
Chile,1974,0,0,0,0,0,0,0,0,0,0,0
Chile,1975,0,0,0,0,0,0,0,0,0,0,0
Chile,1976,0,0,0,0,0,0,0,0,0,0,0
Chile,1977,0,0,0,0,0,0,0,0,0,0,0
Chile,1978,0,0,0,0,0,0,0,0,0,0,0
Chile,1979,0,0,0,0,0,0,0,0,0,0,0
Chile,1980,0,0,0,0,0,0,0,0,0,0,0
Chile,1981,0,0,0,0,0,0,0,0,0,0,0
Chile,1982,0,0,0,0,0,0,0,0,0,0,0
Chile,1983,0,0,0,0,0,0,0,0,0,0,0
Chile,1984,0,0,0,0,0,0,0,0,0,0,0
Chile,1985,0,0,0,0,0,0,0,0,0,0,0
Chile,1986,0,0,0,0,0,0,0,0,0,0,0
Chile,1987,0,0,0,0,0,0,0,0,0,0,0
Chile,1988,0,0,0,0,0,0,0,0,0,0,0
Chile,1989,0,0,0,0,0,0,0,0,0,0,0
Chile,1990,0,0,0,0,0,0,0,0,0,0,0
Chile,1991,0,0,0,0,0,0,0,0,0,0,0
Chile,1992,0,0,0,0,0,0,0,0,0,0,0
Chile,1993,0,0,0,0,0,0,0,0,0,0,0
Chile,1994,0,0,0,0,0,0,0,0,0,0,0
Chile,1995,0,0,0,0,0,0,0,0,0,0,0
Chile,1996,0,0,0,0,0,0,0,0,0,0,0
Chile,1997,0,0,0,0,0,0,0,0,0,0,0
Chile,1998,0,0,0,0,0,0,0,0,0,0,0
Chile,1999,0,0,0,0,0,0,0,0,0,0,0
Chile,2000,0,0,0,0,0,0,0,0,0,0,0
Chile,2001,0,0,0,0,0,0,0,0,0,0,0
Chile,2002,0,0,0,0,0,0,0,0,0,0,0
Chile,2003,0,0,0,0,0,0,0,0,0,0,0
Chile,2004,0,0,0,0,0,0,0,0,0,0,0
Chile,2005,0,2,0,0,0,2,0,0,2,2,2
Chile,2006,0,2,0,1,0,2,0,0,3,3,3
Chile,2007,0,2,0,1,0,2,0,0,3,3,3
Chile,2008,0,5,0,2,0,5,0,0,7,7,7
Chile,2009,0,7,3,3,0,7,0,0,13,13,13
Chile,2010,3,9,4,7,0,9,1,0,16,20,20
Chile,2011,4,6,7,12,0,6,1,0,20,25,25
Chile,2012,7,5,5,13,0,5,1,0,15,23,23
Chile,2013,5,8,3,10,0,8,1,0,15,21,21
Chile,2014,3,7,1,15,0,7,1,0,19,23,23
Chile,2015,1,6,3,11,0,6,1,0,18,20,20
Chile,2016,3,6,4,14,0,6,1,0,20,24,24
Chile,2017,4,6,8,15,0,6,3,0,22,29,29
Chile,2018,8,6,11,11,0,6,2,0,18,28,28
Chile,2019,11,7,12,16,0,7,2,0,22,35,35
Chile,2020,12,10,17,13,0,10,2,0,26,40,40
Chile,2021,17,9,17,15,0,9,3,0,21,41,41
Chile,2022,17,9,14,18,0,9,2,0,22,41,41
Chile,2023,14,9,12,19,0,9,2,0,24,40,40
China,1964,0,0,0,0,0,0,0,0,0,0,0
China,1965,0,0,0,0,0,0,0,0,0,0,0
China,1966,0,0,0,0,0,0,0,0,0,0,0
China,1967,0,0,0,0,0,0,0,0,0,0,0
China,1968,0,0,0,0,0,0,0,0,0,0,0
China,1969,0,0,0,0,0,0,0,0,0,0,0
China,1970,0,0,0,0,0,0,0,0,0,0,0
China,1971,0,0,0,0,0,0,0,0,0,0,0
China,1972,0,0,0,0,0,0,0,0,0,0,0
China,1973,0,0,0,0,0,0,0,0,0,0,0
China,1974,0,0,0,0,0,0,0,0,0,0,0
China,1975,0,0,0,0,0,0,0,0,0,0,0
China,1976,0,0,0,0,0,0,0,0,0,0,0
China,1977,0,0,0,0,0,0,0,0,0,0,0
China,1978,0,0,0,0,0,0,0,0,0,0,0
China,1979,0,0,0,0,0,0,0,0,0,0,0
China,1980,0,0,0,0,0,0,0,0,0,0,0
China,1981,0,0,0,0,0,0,0,0,0,0,0
China,1982,0,0,0,0,0,0,0,0,0,0,0
China,1983,0,0,0,0,0,0,0,0,0,0,0
China,1984,0,0,0,0,0,0,0,0,0,0,0
China,1985,0,0,0,0,0,0,0,0,0,0,0
China,1986,0,0,0,0,0,0,0,0,0,0,0
China,1987,0,0,0,0,0,0,0,0,0,0,0
China,1988,0,0,0,0,0,0,0,0,0,0,0
China,1989,0,0,0,0,0,0,0,0,0,0,0
China,1990,0,0,0,0,0,0,0,0,0,0,0
China,1991,0,0,0,0,0,0,0,0,0,0,0
China,1992,0,0,0,0,0,0,0,0,0,0,0
China,1993,0,0,0,0,0,0,0,0,0,0,0
China,1994,0,0,0,0,0,0,0,0,0,0,0
China,1995,0,0,0,0,0,0,0,0,0,0,0
China,1996,0,0,0,0,0,0,0,0,0,0,0
China,1997,0,0,0,0,0,0,0,0,0,0,0
China,1998,0,0,0,0,0,0,0,0,0,0,0
China,1999,0,0,0,0,0,0,0,0,0,0,0
China,2000,0,0,0,0,0,0,0,0,0,0,0
China,2001,0,0,0,0,0,0,0,0,0,0,0
China,2002,0,0,0,0,0,0,0,0,0,0,0
China,2003,0,0,0,0,0,0,0,0,0,0,0
China,2004,0,0,0,0,0,0,0,0,0,0,0
China,2005,0,6,0,0,0,6,6,0,0,6,6
China,2006,0,7,0,0,0,7,7,0,0,7,7
China,2007,0,11,0,0,0,11,11,0,0,11,11
China,2008,0,13,0,0,0,13,13,0,0,13,13
China,2009,0,21,0,0,0,21,21,0,0,21,21
China,2010,0,35,0,0,0,35,35,0,0,35,35
China,2011,0,46,0,0,0,46,46,0,0,46,46
China,2012,0,44,0,0,0,44,42,0,2,44,44
China,2013,0,39,0,0,0,39,36,0,3,39,39
China,2014,0,40,0,0,0,40,37,0,3,40,40
China,2015,0,46,0,0,0,46,41,0,5,46,46
China,2016,0,49,0,0,0,49,44,0,5,49,49
China,2017,0,48,0,0,0,48,42,0,6,48,48
China,2018,0,56,0,0,0,56,50,0,6,56,56
China,2019,0,62,0,0,0,62,55,0,7,62,62
China,2020,0,60,0,0,0,60,52,0,8,60,60
China,2021,0,62,0,0,0,62,54,0,8,62,62
China,2022,0,43,0,0,0,43,35,0,8,43,43
China,2023,0,38,0,0,0,38,30,0,8,38,38
EU-15,1964,0,0,0,0,0,0,0,0,0,0,0
EU-15,1965,0,0,0,0,0,0,0,0,0,0,0
EU-15,1966,0,0,0,0,0,0,0,0,0,0,0
EU-15,1967,0,0,0,0,0,0,0,0,0,0,0
EU-15,1968,0,0,0,0,0,0,0,0,0,0,0
EU-15,1969,0,0,0,0,0,0,0,0,0,0,0
EU-15,1970,0,0,0,0,0,0,0,0,0,0,0
EU-15,1971,0,0,0,0,0,0,0,0,0,0,0
EU-15,1972,0,0,0,0,0,0,0,0,0,0,0
EU-15,1973,0,0,0,0,0,0,0,0,0,0,0
EU-15,1974,0,0,0,0,0,0,0,0,0,0,0
EU-15,1975,0,0,0,0,0,0,0,0,0,0,0
EU-15,1976,0,0,0,0,0,0,0,0,0,0,0
EU-15,1977,0,0,0,0,0,0,0,0,0,0,0
EU-15,1978,0,0,0,0,0,0,0,0,0,0,0
EU-15,1979,0,0,0,0,0,0,0,0,0,0,0
EU-15,1980,0,0,0,0,0,0,0,0,0,0,0
EU-15,1981,0,0,0,0,0,0,0,0,0,0,0
EU-15,1982,0,0,0,0,0,0,0,0,0,0,0
EU-15,1983,0,0,0,0,0,0,0,0,0,0,0
EU-15,1984,0,0,0,0,0,0,0,0,0,0,0
EU-15,1985,0,0,0,0,0,0,0,0,0,0,0
EU-15,1986,0,0,0,0,0,0,0,0,0,0,0
EU-15,1987,0,0,0,0,0,0,0,0,0,0,0
EU-15,1988,0,0,0,0,0,0,0,0,0,0,0
EU-15,1989,0,0,0,0,0,0,0,0,0,0,0
EU-15,1990,0,0,0,0,0,0,0,0,0,0,0
EU-15,1991,438,1291,752,121,0,1280,97,11,1629,2164,2164
EU-15,1992,752,1285,792,135,0,1269,86,16,1374,2212,2212
EU-15,1993,792,1314,699,236,0,1300,158,14,1299,2249,2249
EU-15,1994,699,1301,658,166,0,1286,148,15,1278,2125,2125
EU-15,1995,658,1226,377,215,2,1209,49,15,1111,1818,1818
EU-15,1996,377,1574,482,220,2,1552,141,20,1758,2276,2276
EU-15,1997,482,1694,839,250,0,1668,124,26,2177,2783,2783
EU-15,1998,839,1798,834,238,0,1762,237,36,1794,2870,2870
EU-15,1999,0,0,0,0,0,0,0,0,0,0,0
EU-15,2000,0,0,0,0,0,0,0,0,0,0,0
EU-15,2001,0,0,0,0,0,0,0,0,0,0,0
EU-15,2002,0,0,0,0,0,0,0,0,0,0,0
EU-15,2003,0,0,0,0,0,0,0,0,0,0,0
EU-15,2004,0,0,0,0,0,0,0,0,0,0,0
EU-15,2005,0,0,0,0,0,0,0,0,0,0,0
EU-15,2006,0,0,0,0,0,0,0,0,0,0,0
EU-15,2007,0,0,0,0,0,0,0,0,0,0,0
EU-15,2008,0,0,0,0,0,0,0,0,0,0,0
EU-15,2009,0,0,0,0,0,0,0,0,0,0,0
EU-15,2010,0,0,0,0,0,0,0,0,0,0,0
EU-15,2011,0,0,0,0,0,0,0,0,0,0,0
EU-15,2012,0,0,0,0,0,0,0,0,0,0,0
EU-15,2013,0,0,0,0,0,0,0,0,0,0,0
EU-15,2014,0,0,0,0,0,0,0,0,0,0,0
EU-15,2015,0,0,0,0,0,0,0,0,0,0,0
EU-15,2016,0,0,0,0,0,0,0,0,0,0,0
EU-15,2017,0,0,0,0,0,0,0,0,0,0,0
EU-15,2018,0,0,0,0,0,0,0,0,0,0,0
EU-15,2019,0,0,0,0,0,0,0,0,0,0,0
EU-15,2020,0,0,0,0,0,0,0,0,0,0,0
EU-15,2021,0,0,0,0,0,0,0,0,0,0,0
EU-15,2022,0,0,0,0,0,0,0,0,0,0,0
EU-15,2023,0,0,0,0,0,0,0,0,0,0,0
European Union,1964,0,0,0,0,0,0,0,0,0,0,0
European Union,1965,0,0,0,0,0,0,0,0,0,0,0
European Union,1966,0,0,0,0,0,0,0,0,0,0,0
European Union,1967,0,0,0,0,0,0,0,0,0,0,0
European Union,1968,0,0,0,0,0,0,0,0,0,0,0
European Union,1969,0,0,0,0,0,0,0,0,0,0,0
European Union,1970,0,0,0,0,0,0,0,0,0,0,0
European Union,1971,0,0,0,0,0,0,0,0,0,0,0
European Union,1972,0,0,0,0,0,0,0,0,0,0,0
European Union,1973,0,0,0,0,0,0,0,0,0,0,0
European Union,1974,0,0,0,0,0,0,0,0,0,0,0
European Union,1975,0,0,0,0,0,0,0,0,0,0,0
European Union,1976,0,0,0,0,0,0,0,0,0,0,0
European Union,1977,0,0,0,0,0,0,0,0,0,0,0
European Union,1978,0,0,0,0,0,0,0,0,0,0,0
European Union,1979,0,0,0,0,0,0,0,0,0,0,0
European Union,1980,0,0,0,0,0,0,0,0,0,0,0
European Union,1981,0,0,0,0,0,0,0,0,0,0,0
European Union,1982,0,0,0,0,0,0,0,0,0,0,0
European Union,1983,0,0,0,0,0,0,0,0,0,0,0
European Union,1984,0,0,0,0,0,0,0,0,0,0,0
European Union,1985,0,0,0,0,0,0,0,0,0,0,0
European Union,1986,0,0,0,0,0,0,0,0,0,0,0
European Union,1987,0,0,0,0,0,0,0,0,0,0,0
European Union,1988,0,0,0,0,0,0,0,0,0,0,0
European Union,1989,0,0,0,0,0,0,0,0,0,0,0
European Union,1990,0,0,0,0,0,0,0,0,0,0,0
European Union,1991,0,0,0,0,0,0,0,0,0,0,0
European Union,1992,0,0,0,0,0,0,0,0,0,0,0
European Union,1993,0,0,0,0,0,0,0,0,0,0,0
European Union,1994,0,0,0,0,0,0,0,0,0,0,0
European Union,1995,0,0,0,0,0,0,0,0,0,0,0
European Union,1996,0,0,0,0,0,0,0,0,0,0,0
European Union,1997,0,0,0,0,0,0,0,0,0,0,0
European Union,1998,0,0,0,0,0,0,0,0,0,0,0
European Union,1999,834,1798,737,298,0,1771,132,27,1867,2833,2833
European Union,2000,737,1790,635,311,0,1753,128,37,1871,2736,2736
European Union,2001,635,1874,858,350,0,1837,45,37,2402,3082,3082
European Union,2002,858,1903,652,340,0,1856,93,47,1944,2895,2895
European Union,2003,652,2001,941,355,0,1950,230,51,2415,3297,3297
European Union,2004,941,2064,1043,374,0,2015,190,49,2350,3481,3481
European Union,2005,1043,1971,950,351,0,1920,204,51,2025,3272,3272
European Union,2006,950,2033,865,405,0,1982,221,51,2132,3303,3303
European Union,2007,865,2026,825,412,0,1975,163,51,2235,3263,3263
European Union,2008,825,2032,590,416,0,1980,103,52,2110,3038,3038
European Union,2009,590,2042,585,493,0,1990,80,52,2450,3120,3120
European Union,2010,585,2037,590,543,0,1985,85,52,2500,3170,3170
European Union,2011,590,2012,757,633,0,1960,112,52,2700,3402,3402
European Union,2012,757,1650,356,537,0,1630,161,20,1625,2543,2543
European Union,2013,356,1640,579,674,0,1600,54,40,2483,2893,2893
European Union,2014,579,1570,133,564,0,1550,253,20,1435,2267,2267
European Union,2015,133,1570,315,672,0,1550,100,20,2324,2557,2557
European Union,2016,309,1400,82,691,0,1380,112,20,1752,2173,2173
European Union,2017,82,1410,363,710,0,1390,213,20,2188,2483,2483
European Union,2018,363,1420,593,795,0,1400,181,20,2264,2808,2808
European Union,2019,593,1445,441,910,0,1425,278,20,1925,2796,2796
European Union,2020,441,1445,341,895,0,1425,189,20,2051,2681,2681
European Union,2021,341,1420,452,919,0,1400,178,20,2272,2791,2791
European Union,2022,452,1165,213,659,0,1150,193,15,1392,2037,2037
European Union,2023,213,1065,228,475,0,1050,140,15,1415,1768,1768
France,1964,0,15,0,3,0,15,16,0,2,18,18
France,1965,0,35,0,5,0,35,38,0,2,40,40
France,1966,0,9,0,6,0,9,13,0,2,15,15
France,1967,0,17,0,3,0,17,18,0,2,20,20
France,1968,0,19,0,3,0,19,20,0,2,22,22
France,1969,0,18,0,4,0,18,20,0,2,22,22
France,1970,0,23,0,7,0,23,27,0,3,30,30
France,1971,0,26,0,22,0,26,45,0,3,48,48
France,1972,0,27,0,18,0,27,44,0,1,45,45
France,1973,0,19,0,9,0,19,25,0,3,28,28
France,1974,0,18,0,3,0,18,19,0,2,21,21
France,1975,0,22,0,7,0,22,27,0,2,29,29
France,1976,0,24,0,4,0,24,26,0,2,28,28
France,1977,0,21,0,2,0,21,21,0,2,23,23
France,1978,0,20,20,4,0,20,43,0,1,44,44
France,1979,20,24,20,23,0,24,45,0,2,67,67
France,1980,20,22,38,13,0,22,51,0,2,73,73
France,1981,38,23,25,19,0,23,27,0,2,67,67
France,1982,25,31,4,20,0,31,28,0,2,55,55
France,1983,4,24,4,5,0,24,26,0,3,33,33
France,1984,4,27,4,3,0,27,28,0,2,34,34
France,1985,4,22,4,6,0,22,26,0,2,32,32
France,1986,4,26,5,9,0,26,35,0,1,40,40
France,1987,5,29,2,4,0,29,29,0,1,35,35
France,1988,2,25,0,16,0,25,38,0,1,41,41
France,1989,0,38,0,10,0,38,46,0,2,48,48
France,1990,0,28,0,14,0,28,40,0,2,42,42
France,1991,0,0,0,0,0,0,0,0,0,0,0
France,1992,0,0,0,0,0,0,0,0,0,0,0
France,1993,0,0,0,0,0,0,0,0,0,0,0
France,1994,0,0,0,0,0,0,0,0,0,0,0
France,1995,0,0,0,0,0,0,0,0,0,0,0
France,1996,0,0,0,0,0,0,0,0,0,0,0
France,1997,0,0,0,0,0,0,0,0,0,0,0
France,1998,0,0,0,0,0,0,0,0,0,0,0
France,1999,0,0,0,0,0,0,0,0,0,0,0
France,2000,0,0,0,0,0,0,0,0,0,0,0
France,2001,0,0,0,0,0,0,0,0,0,0,0
France,2002,0,0,0,0,0,0,0,0,0,0,0
France,2003,0,0,0,0,0,0,0,0,0,0,0
France,2004,0,0,0,0,0,0,0,0,0,0,0
France,2005,0,0,0,0,0,0,0,0,0,0,0
France,2006,0,0,0,0,0,0,0,0,0,0,0
France,2007,0,0,0,0,0,0,0,0,0,0,0
France,2008,0,0,0,0,0,0,0,0,0,0,0
France,2009,0,0,0,0,0,0,0,0,0,0,0
France,2010,0,0,0,0,0,0,0,0,0,0,0
France,2011,0,0,0,0,0,0,0,0,0,0,0
France,2012,0,0,0,0,0,0,0,0,0,0,0
France,2013,0,0,0,0,0,0,0,0,0,0,0
France,2014,0,0,0,0,0,0,0,0,0,0,0
France,2015,0,0,0,0,0,0,0,0,0,0,0
France,2016,0,0,0,0,0,0,0,0,0,0,0
France,2017,0,0,0,0,0,0,0,0,0,0,0
France,2018,0,0,0,0,0,0,0,0,0,0,0
France,2019,0,0,0,0,0,0,0,0,0,0,0
France,2020,0,0,0,0,0,0,0,0,0,0,0
France,2021,0,0,0,0,0,0,0,0,0,0,0
France,2022,0,0,0,0,0,0,0,0,0,0,0
France,2023,0,0,0,0,0,0,0,0,0,0,0
"Germany, Federal Republic of",1964,0,4,0,0,0,4,4,0,0,4,4
"Germany, Federal Republic of",1965,0,5,0,0,0,5,5,0,0,5,5
"Germany, Federal Republic of",1966,0,2,0,0,0,2,2,0,0,2,2
"Germany, Federal Republic of",1967,0,4,0,0,0,4,4,0,0,4,4
"Germany, Federal Republic of",1968,0,3,0,0,0,3,3,0,0,3,3
"Germany, Federal Republic of",1969,0,3,0,0,0,3,3,0,0,3,3
"Germany, Federal Republic of",1970,0,5,0,0,0,5,5,0,0,5,5
"Germany, Federal Republic of",1971,0,4,0,0,0,4,4,0,0,4,4
"Germany, Federal Republic of",1972,0,4,0,0,0,4,4,0,0,4,4
"Germany, Federal Republic of",1973,0,3,0,0,0,3,3,0,0,3,3
"Germany, Federal Republic of",1974,0,3,0,0,0,3,3,0,0,3,3
"Germany, Federal Republic of",1975,0,2,0,0,0,2,2,0,0,2,2
"Germany, Federal Republic of",1976,0,3,0,0,0,3,3,0,0,3,3
"Germany, Federal Republic of",1977,0,3,0,0,0,3,3,0,0,3,3
"Germany, Federal Republic of",1978,0,3,0,0,0,3,3,0,0,3,3
"Germany, Federal Republic of",1979,0,4,0,0,0,4,4,0,0,4,4
"Germany, Federal Republic of",1980,0,3,0,0,0,3,3,0,0,3,3
"Germany, Federal Republic of",1981,0,3,0,0,0,3,3,0,0,3,3
"Germany, Federal Republic of",1982,0,3,0,0,0,3,3,0,0,3,3
"Germany, Federal Republic of",1983,0,4,0,0,0,4,4,0,0,4,4
"Germany, Federal Republic of",1984,0,6,0,0,0,6,6,0,0,6,6
"Germany, Federal Republic of",1985,0,6,0,0,0,6,6,0,0,6,6
"Germany, Federal Republic of",1986,0,7,0,0,0,7,7,0,0,7,7
"Germany, Federal Republic of",1987,0,7,0,0,0,7,7,0,0,7,7
"Germany, Federal Republic of",1988,0,7,0,0,0,7,7,0,0,7,7
"Germany, Federal Republic of",1989,0,7,0,0,0,7,7,0,0,7,7
"Germany, Federal Republic of",1990,0,7,0,0,0,7,7,0,0,7,7
"Germany, Federal Republic of",1991,0,0,0,0,0,0,0,0,0,0,0
"Germany, Federal Republic of",1992,0,0,0,0,0,0,0,0,0,0,0
"Germany, Federal Republic of",1993,0,0,0,0,0,0,0,0,0,0,0
"Germany, Federal Republic of",1994,0,0,0,0,0,0,0,0,0,0,0
"Germany, Federal Republic of",1995,0,0,0,0,0,0,0,0,0,0,0
"Germany, Federal Republic of",1996,0,0,0,0,0,0,0,0,0,0,0
"Germany, Federal Republic of",1997,0,0,0,0,0,0,0,0,0,0,0
"Germany, Federal Republic of",1998,0,0,0,0,0,0,0,0,0,0,0
"Germany, Federal Republic of",1999,0,0,0,0,0,0,0,0,0,0,0
"Germany, Federal Republic of",2000,0,0,0,0,0,0,0,0,0,0,0
"Germany, Federal Republic of",2001,0,0,0,0,0,0,0,0,0,0,0
"Germany, Federal Republic of",2002,0,0,0,0,0,0,0,0,0,0,0
"Germany, Federal Republic of",2003,0,0,0,0,0,0,0,0,0,0,0
"Germany, Federal Republic of",2004,0,0,0,0,0,0,0,0,0,0,0
"Germany, Federal Republic of",2005,0,0,0,0,0,0,0,0,0,0,0
"Germany, Federal Republic of",2006,0,0,0,0,0,0,0,0,0,0,0
"Germany, Federal Republic of",2007,0,0,0,0,0,0,0,0,0,0,0
"Germany, Federal Republic of",2008,0,0,0,0,0,0,0,0,0,0,0
"Germany, Federal Republic of",2009,0,0,0,0,0,0,0,0,0,0,0
"Germany, Federal Republic of",2010,0,0,0,0,0,0,0,0,0,0,0
"Germany, Federal Republic of",2011,0,0,0,0,0,0,0,0,0,0,0
"Germany, Federal Republic of",2012,0,0,0,0,0,0,0,0,0,0,0
"Germany, Federal Republic of",2013,0,0,0,0,0,0,0,0,0,0,0
"Germany, Federal Republic of",2014,0,0,0,0,0,0,0,0,0,0,0
"Germany, Federal Republic of",2015,0,0,0,0,0,0,0,0,0,0,0
"Germany, Federal Republic of",2016,0,0,0,0,0,0,0,0,0,0,0
"Germany, Federal Republic of",2017,0,0,0,0,0,0,0,0,0,0,0
"Germany, Federal Republic of",2018,0,0,0,0,0,0,0,0,0,0,0
"Germany, Federal Republic of",2019,0,0,0,0,0,0,0,0,0,0,0
"Germany, Federal Republic of",2020,0,0,0,0,0,0,0,0,0,0,0
"Germany, Federal Republic of",2021,0,0,0,0,0,0,0,0,0,0,0
"Germany, Federal Republic of",2022,0,0,0,0,0,0,0,0,0,0,0
"Germany, Federal Republic of",2023,0,0,0,0,0,0,0,0,0,0,0
Greece,1964,14,158,55,5,0,158,0,0,204,218,218
Greece,1965,55,160,60,15,0,160,0,0,180,235,235
Greece,1966,60,162,56,43,0,162,0,0,201,261,261
Greece,1967,56,165,79,16,0,165,0,0,204,260,260
Greece,1968,79,170,78,3,0,170,15,0,157,251,251
Greece,1969,78,173,67,3,0,173,9,0,156,243,243
Greece,1970,67,176,82,3,0,176,8,0,186,261,261
Greece,1971,82,180,82,10,0,180,4,0,186,272,272
Greece,1972,82,173,135,7,0,173,0,0,233,315,315
Greece,1973,135,177,153,5,0,177,8,0,192,335,335
Greece,1974,153,180,177,11,0,180,0,0,215,368,368
Greece,1975,177,194,213,8,0,194,0,0,238,415,415
Greece,1976,213,184,241,12,0,184,0,0,224,437,437
Greece,1977,241,208,219,48,0,208,0,0,234,475,475
Greece,1978,219,215,210,34,0,215,0,0,240,459,459
Greece,1979,210,214,188,11,0,214,0,0,203,413,413
Greece,1980,188,191,293,25,0,191,0,0,321,509,509
Greece,1981,293,184,307,31,0,184,0,0,229,522,522
Greece,1982,307,219,312,100,0,219,0,0,324,631,631
Greece,1983,312,220,247,75,0,220,0,0,230,542,542
Greece,1984,247,221,153,58,0,221,0,0,185,432,432
Greece,1985,153,155,193,70,0,155,0,0,265,418,418
Greece,1986,193,155,226,60,0,155,0,0,248,441,441
Greece,1987,226,160,226,50,0,160,0,0,210,436,436
Greece,1988,226,155,216,140,0,155,1,0,284,511,511
Greece,1989,216,166,215,100,0,166,5,0,260,481,481
Greece,1990,215,195,154,80,0,195,24,0,190,429,429
Greece,1991,0,0,0,0,0,0,0,0,0,0,0
Greece,1992,0,0,0,0,0,0,0,0,0,0,0
Greece,1993,0,0,0,0,0,0,0,0,0,0,0
Greece,1994,0,0,0,0,0,0,0,0,0,0,0
Greece,1995,0,0,0,0,0,0,0,0,0,0,0
Greece,1996,0,0,0,0,0,0,0,0,0,0,0
Greece,1997,0,0,0,0,0,0,0,0,0,0,0
Greece,1998,0,0,0,0,0,0,0,0,0,0,0
Greece,1999,0,0,0,0,0,0,0,0,0,0,0
Greece,2000,0,0,0,0,0,0,0,0,0,0,0
Greece,2001,0,0,0,0,0,0,0,0,0,0,0
Greece,2002,0,0,0,0,0,0,0,0,0,0,0
Greece,2003,0,0,0,0,0,0,0,0,0,0,0
Greece,2004,0,0,0,0,0,0,0,0,0,0,0
Greece,2005,0,0,0,0,0,0,0,0,0,0,0
Greece,2006,0,0,0,0,0,0,0,0,0,0,0
Greece,2007,0,0,0,0,0,0,0,0,0,0,0
Greece,2008,0,0,0,0,0,0,0,0,0,0,0
Greece,2009,0,0,0,0,0,0,0,0,0,0,0
Greece,2010,0,0,0,0,0,0,0,0,0,0,0
Greece,2011,0,0,0,0,0,0,0,0,0,0,0
Greece,2012,0,0,0,0,0,0,0,0,0,0,0
Greece,2013,0,0,0,0,0,0,0,0,0,0,0
Greece,2014,0,0,0,0,0,0,0,0,0,0,0
Greece,2015,0,0,0,0,0,0,0,0,0,0,0
Greece,2016,0,0,0,0,0,0,0,0,0,0,0
Greece,2017,0,0,0,0,0,0,0,0,0,0,0
Greece,2018,0,0,0,0,0,0,0,0,0,0,0
Greece,2019,0,0,0,0,0,0,0,0,0,0,0
Greece,2020,0,0,0,0,0,0,0,0,0,0,0
Greece,2021,0,0,0,0,0,0,0,0,0,0,0
Greece,2022,0,0,0,0,0,0,0,0,0,0,0
Greece,2023,0,0,0,0,0,0,0,0,0,0,0
Israel,1964,0,3,0,0,0,3,0,0,3,3,3
Israel,1965,0,1,0,0,0,1,0,0,1,1,1
Israel,1966,0,1,0,0,0,1,0,0,1,1,1
Israel,1967,0,3,0,0,0,3,0,0,3,3,3
Israel,1968,0,1,0,0,0,1,0,0,1,1,1
Israel,1969,0,4,0,0,0,4,0,0,4,4,4
Israel,1970,0,1,0,0,0,1,0,0,1,1,1
Israel,1971,0,1,0,0,0,1,0,0,1,1,1
Israel,1972,0,2,0,0,0,2,0,0,2,2,2
Israel,1973,0,1,0,0,0,1,0,0,1,1,1
Israel,1974,0,2,1,2,0,2,0,0,5,5,5
Israel,1975,1,2,0,0,0,2,1,0,0,2,2
Israel,1976,0,2,0,0,0,2,1,0,1,2,2
Israel,1977,0,2,2,0,0,2,0,0,4,4,4
Israel,1978,2,2,0,0,0,2,0,0,0,2,2
Israel,1979,0,3,2,0,0,3,0,0,5,5,5
Israel,1980,2,2,1,1,0,2,0,0,2,4,4
Israel,1981,1,2,1,1,0,2,0,0,3,4,4
Israel,1982,1,3,1,0,0,3,0,0,3,4,4
Israel,1983,1,4,1,0,0,4,0,0,4,5,5
Israel,1984,1,5,1,0,0,5,0,0,5,6,6
Israel,1985,1,5,1,0,0,5,1,0,4,6,6
Israel,1986,1,5,1,0,0,5,0,0,5,6,6
Israel,1987,1,4,0,0,0,4,0,0,3,4,4
Israel,1988,0,5,1,0,0,5,1,0,5,6,6
Israel,1989,1,6,0,0,0,6,2,0,3,6,6
Israel,1990,0,6,3,0,0,6,1,0,8,9,9
Israel,1991,3,6,2,0,0,6,2,0,3,8,8
Israel,1992,2,6,5,0,0,6,1,0,8,11,11
Israel,1993,5,6,3,0,0,6,2,0,2,9,9
Israel,1994,3,8,2,0,0,7,1,1,6,10,10
Israel,1995,2,8,0,0,0,7,1,1,5,8,8
Israel,1996,0,8,3,0,0,7,5,1,6,11,11
Israel,1997,3,9,2,0,0,8,5,1,3,11,11
Israel,1998,2,9,3,0,0,8,5,1,5,12,12
Israel,1999,3,8,0,0,0,7,2,1,3,8,8
Israel,2000,0,10,2,0,0,8,5,2,7,12,12
Israel,2001,2,8,1,0,0,6,3,2,4,9,9
Israel,2002,1,9,4,0,0,6,3,3,9,13,13
Israel,2003,4,8,1,0,0,7,2,1,3,9,9
Israel,2004,1,11,0,1,0,10,2,1,9,12,12
Israel,2005,0,14,4,0,0,13,13,1,5,18,18
Israel,2006,4,14,1,1,0,13,8,1,4,16,16
Israel,2007,1,14,4,0,0,13,12,1,5,18,18
Israel,2008,4,15,1,1,0,14,8,1,5,17,17
Israel,2009,1,16,2,0,0,15,13,1,4,18,18
Israel,2010,2,13,1,1,0,12,4,1,9,15,15
Israel,2011,1,13,5,0,0,12,4,1,13,18,18
Israel,2012,5,16,6,0,0,15,4,1,13,22,22
Israel,2013,6,19,9,0,0,18,7,1,15,28,28
Israel,2014,9,21,11,0,0,20,4,1,19,32,32
Israel,2015,11,22,13,0,0,21,6,1,18,35,35
Israel,2016,13,23,12,1,0,22,5,1,18,36,36
Israel,2017,12,24,12,1,0,23,8,1,17,37,37
Israel,2018,12,25,12,1,0,24,12,1,14,38,38
Israel,2019,12,25,15,1,0,24,10,1,19,41,41
Israel,2020,15,26,13,1,0,25,13,1,12,40,40
Israel,2021,13,28,9,1,0,27,15,1,10,38,38
Israel,2022,9,27,6,1,0,26,10,1,15,34,34
Israel,2023,6,28,6,1,0,27,10,1,19,35,35
Italy,1964,185,491,20,12,0,491,34,0,304,523,523
Italy,1965,20,468,36,13,0,468,77,0,420,517,517
Italy,1966,36,394,45,13,0,394,96,0,320,452,452
Italy,1967,45,432,200,17,0,432,67,0,537,649,649
Italy,1968,200,550,120,16,0,550,101,0,385,686,686
Italy,1969,120,572,139,16,0,572,134,0,473,727,727
Italy,1970,139,595,125,17,0,595,178,0,420,737,737
Italy,1971,125,687,150,19,0,687,115,0,616,856,856
Italy,1972,150,576,100,16,0,576,202,0,340,692,692
Italy,1973,100,649,140,16,0,649,162,0,543,805,805
Italy,1974,140,515,150,12,0,515,104,0,433,677,677
Italy,1975,150,623,210,28,0,623,78,0,633,861,861
Italy,1976,210,501,120,14,0,501,124,0,301,635,635
Italy,1977,120,657,200,23,0,657,72,0,688,880,880
Italy,1978,200,577,130,34,0,577,122,0,419,741,741
Italy,1979,130,649,150,36,0,649,79,0,626,835,835
Italy,1980,150,659,120,48,0,657,71,2,606,827,827
Italy,1981,120,611,120,34,0,609,130,2,515,765,765
Italy,1982,120,602,90,49,0,600,191,2,430,741,741
Italy,1983,90,769,220,67,0,760,142,9,824,1056,1056
Italy,1984,220,654,80,82,0,652,253,2,343,816,816
Italy,1985,80,662,200,100,0,660,241,2,641,962,962
Italy,1986,200,661,135,87,0,659,328,2,355,883,883
Italy,1987,135,663,265,98,0,661,231,2,660,1026,1026
Italy,1988,265,665,135,131,0,663,235,2,431,931,931
Italy,1989,135,602,260,125,0,600,286,2,566,987,987
Italy,1990,260,577,165,130,0,575,449,2,163,872,872
Italy,1991,0,0,0,0,0,0,0,0,0,0,0
Italy,1992,0,0,0,0,0,0,0,0,0,0,0
Italy,1993,0,0,0,0,0,0,0,0,0,0,0
Italy,1994,0,0,0,0,0,0,0,0,0,0,0
Italy,1995,0,0,0,0,0,0,0,0,0,0,0
Italy,1996,0,0,0,0,0,0,0,0,0,0,0
Italy,1997,0,0,0,0,0,0,0,0,0,0,0
Italy,1998,0,0,0,0,0,0,0,0,0,0,0
Italy,1999,0,0,0,0,0,0,0,0,0,0,0
Italy,2000,0,0,0,0,0,0,0,0,0,0,0
Italy,2001,0,0,0,0,0,0,0,0,0,0,0
Italy,2002,0,0,0,0,0,0,0,0,0,0,0
Italy,2003,0,0,0,0,0,0,0,0,0,0,0
Italy,2004,0,0,0,0,0,0,0,0,0,0,0
Italy,2005,0,0,0,0,0,0,0,0,0,0,0
Italy,2006,0,0,0,0,0,0,0,0,0,0,0
Italy,2007,0,0,0,0,0,0,0,0,0,0,0
Italy,2008,0,0,0,0,0,0,0,0,0,0,0
Italy,2009,0,0,0,0,0,0,0,0,0,0,0
Italy,2010,0,0,0,0,0,0,0,0,0,0,0
Italy,2011,0,0,0,0,0,0,0,0,0,0,0
Italy,2012,0,0,0,0,0,0,0,0,0,0,0
Italy,2013,0,0,0,0,0,0,0,0,0,0,0
Italy,2014,0,0,0,0,0,0,0,0,0,0,0
Italy,2015,0,0,0,0,0,0,0,0,0,0,0
Italy,2016,0,0,0,0,0,0,0,0,0,0,0
Italy,2017,0,0,0,0,0,0,0,0,0,0,0
Italy,2018,0,0,0,0,0,0,0,0,0,0,0
Italy,2019,0,0,0,0,0,0,0,0,0,0,0
Italy,2020,0,0,0,0,0,0,0,0,0,0,0
Italy,2021,0,0,0,0,0,0,0,0,0,0,0
Italy,2022,0,0,0,0,0,0,0,0,0,0,0
Italy,2023,0,0,0,0,0,0,0,0,0,0,0
Japan,1964,0,0,0,0,0,0,0,0,0,0,0
Japan,1965,0,0,0,0,0,0,0,0,0,0,0
Japan,1966,0,0,0,0,0,0,0,0,0,0,0
Japan,1967,0,0,0,0,0,0,0,0,0,0,0
Japan,1968,0,0,0,0,0,0,0,0,0,0,0
Japan,1969,0,0,0,0,0,0,0,0,0,0,0
Japan,1970,0,0,0,0,0,0,0,0,0,0,0
Japan,1971,0,0,0,0,0,0,0,0,0,0,0
Japan,1972,0,0,0,0,0,0,0,0,0,0,0
Japan,1973,0,0,0,0,0,0,0,0,0,0,0
Japan,1974,0,0,0,0,0,0,0,0,0,0,0
Japan,1975,0,0,0,0,0,0,0,0,0,0,0
Japan,1976,0,0,0,0,0,0,0,0,0,0,0
Japan,1977,0,0,0,0,0,0,0,0,0,0,0
Japan,1978,0,0,0,0,0,0,0,0,0,0,0
Japan,1979,0,0,0,0,0,0,0,0,0,0,0
Japan,1980,0,0,0,0,0,0,0,0,0,0,0
Japan,1981,0,0,0,0,0,0,0,0,0,0,0
Japan,1982,0,0,0,0,0,0,0,0,0,0,0
Japan,1983,0,0,0,0,0,0,0,0,0,0,0
Japan,1984,0,0,0,0,0,0,0,0,0,0,0
Japan,1985,0,0,0,0,0,0,0,0,0,0,0
Japan,1986,0,0,0,0,0,0,0,0,0,0,0
Japan,1987,0,0,0,0,0,0,0,0,0,0,0
Japan,1988,0,0,0,0,0,0,0,0,0,0,0
Japan,1989,0,0,0,0,0,0,0,0,0,0,0
Japan,1990,0,0,0,0,0,0,0,0,0,0,0
Japan,1991,0,0,0,0,0,0,0,0,0,0,0
Japan,1992,0,0,0,0,0,0,0,0,0,0,0
Japan,1993,0,0,0,0,0,0,0,0,0,0,0
Japan,1994,0,0,0,0,0,0,0,0,0,0,0
Japan,1995,0,0,0,0,0,0,0,0,0,0,0
Japan,1996,0,0,0,0,0,0,0,0,0,0,0
Japan,1997,0,0,0,0,0,0,0,0,0,0,0
Japan,1998,0,0,0,0,0,0,0,0,0,0,0
Japan,1999,0,0,0,0,0,0,0,0,0,0,0
Japan,2000,0,0,0,0,0,0,0,0,0,0,0
Japan,2001,0,0,0,0,0,0,0,0,0,0,0
Japan,2002,0,0,0,0,0,0,0,0,0,0,0
Japan,2003,0,0,0,0,0,0,0,0,0,0,0
Japan,2004,0,0,0,0,0,0,0,0,0,0,0
Japan,2005,0,31,0,0,0,31,31,0,0,31,31
Japan,2006,0,31,0,0,0,31,31,0,0,31,31
Japan,2007,0,30,0,0,0,30,30,0,0,30,30
Japan,2008,0,34,0,0,0,34,34,0,0,34,34
Japan,2009,0,43,0,0,0,43,43,0,0,43,43
Japan,2010,0,38,0,0,0,38,38,0,0,38,38
Japan,2011,0,47,0,0,0,47,47,0,0,47,47
Japan,2012,0,54,0,0,0,54,54,0,0,54,54
Japan,2013,0,57,0,0,0,57,57,0,0,57,57
Japan,2014,0,62,0,0,0,62,62,0,0,62,62
Japan,2015,0,56,0,0,0,56,56,0,0,56,56
Japan,2016,0,58,0,0,0,58,58,0,0,58,58
Japan,2017,0,57,0,0,0,57,57,0,0,57,57
Japan,2018,0,69,2,0,0,69,71,0,0,71,71
Japan,2019,2,71,3,0,0,71,72,0,0,74,74
Japan,2020,3,69,2,0,0,69,68,0,0,71,71
Japan,2021,2,65,2,0,0,65,65,0,0,67,67
Japan,2022,2,53,2,0,0,53,53,0,0,55,55
Japan,2023,2,41,1,0,0,41,40,0,0,42,42
Jordan,1964,0,9,7,1,0,9,2,0,15,17,17
Jordan,1965,7,8,4,1,0,8,0,0,6,13,13
Jordan,1966,4,7,1,1,0,7,0,0,5,9,9
Jordan,1967,1,4,0,2,0,4,5,0,0,6,6
Jordan,1968,0,4,0,1,0,4,5,0,0,5,5
Jordan,1969,0,5,0,1,0,5,5,0,1,6,6
Jordan,1970,0,4,0,1,0,4,4,0,1,5,5
Jordan,1971,0,5,0,1,0,5,5,0,1,6,6
Jordan,1972,0,6,4,1,0,6,5,0,6,11,11
Jordan,1973,4,6,0,0,0,6,2,0,0,6,6
Jordan,1974,0,8,7,1,0,8,9,0,7,16,16
Jordan,1975,7,6,2,2,0,6,2,0,1,10,10
Jordan,1976,2,9,1,0,0,9,3,0,5,10,10
Jordan,1977,1,5,1,1,0,5,4,0,2,7,7
Jordan,1978,1,5,3,1,0,5,1,0,7,9,9
Jordan,1979,3,5,0,1,0,5,2,0,1,6,6
Jordan,1980,0,6,3,2,0,6,1,0,10,11,11
Jordan,1981,3,13,0,1,0,13,7,0,4,14,14
Jordan,1982,0,13,0,2,0,13,8,0,7,15,15
Jordan,1983,0,12,0,2,0,11,3,1,11,14,14
Jordan,1984,0,8,0,0,0,7,4,1,4,8,8
Jordan,1985,0,11,7,2,0,10,11,1,9,20,20
Jordan,1986,7,12,0,0,0,12,3,0,2,12,12
Jordan,1987,0,15,0,1,0,14,7,1,9,16,16
Jordan,1988,0,9,1,1,0,9,9,0,2,11,11
Jordan,1989,1,10,6,1,0,10,6,0,10,17,17
Jordan,1990,6,10,5,1,0,10,8,0,2,16,16
Jordan,1991,5,16,5,1,0,16,2,0,15,22,22
Jordan,1992,5,16,6,1,0,16,2,0,16,23,23
Jordan,1993,6,15,9,0,0,15,5,0,13,24,24
Jordan,1994,9,17,8,0,0,17,2,0,14,25,25
Jordan,1995,8,16,6,1,0,16,1,0,14,23,23
Jordan,1996,6,20,11,0,0,20,2,0,23,31,31
Jordan,1997,11,17,12,0,0,17,4,0,14,29,29
Jordan,1998,12,20,14,1,0,20,1,0,22,35,35
Jordan,1999,14,23,4,0,0,23,6,0,7,27,27
Jordan,2000,4,23,8,2,0,23,2,0,27,33,33
Jordan,2001,8,20,0,2,0,20,0,0,14,22,22
Jordan,2002,0,23,3,2,0,23,0,0,28,28,28
Jordan,2003,3,24,2,2,0,24,0,0,25,28,28
Jordan,2004,2,23,5,3,0,23,0,0,29,31,31
Jordan,2005,5,23,1,3,0,23,0,0,22,27,27
Jordan,2006,1,23,13,2,0,23,0,0,37,38,38
Jordan,2007,13,23,11,2,0,23,1,0,22,36,36
Jordan,2008,11,23,12,1,0,23,6,0,19,36,36
Jordan,2009,12,23,5,1,0,23,0,0,17,29,29
Jordan,2010,5,23,2,1,0,23,0,0,21,26,26
Jordan,2011,2,23,0,1,0,23,0,0,22,24,24
Jordan,2012,0,21,0,1,0,21,0,0,22,22,22
Jordan,2013,0,20,0,0,0,20,1,0,19,20,20
Jordan,2014,0,23,0,0,0,23,0,0,23,23,23
Jordan,2015,0,26,3,1,0,26,0,0,30,30,30
Jordan,2016,3,20,2,1,0,20,0,0,20,23,23
Jordan,2017,2,21,2,0,0,21,0,0,21,23,23
Jordan,2018,2,21,1,1,0,21,0,0,21,23,23
Jordan,2019,1,24,10,2,0,24,0,0,35,36,36
Jordan,2020,10,24,6,5,0,24,0,0,25,35,35
Jordan,2021,6,23,1,4,0,23,0,0,22,28,28
Jordan,2022,1,21,1,4,0,21,0,0,25,26,26
Jordan,2023,1,22,1,8,0,22,0,0,30,31,31
"Korea, South",1964,0,0,0,0,0,0,0,0,0,0,0
"Korea, South",1965,0,0,0,0,0,0,0,0,0,0,0
"Korea, South",1966,0,0,0,0,0,0,0,0,0,0,0
"Korea, South",1967,0,0,0,0,0,0,0,0,0,0,0
"Korea, South",1968,0,0,0,0,0,0,0,0,0,0,0
"Korea, South",1969,0,0,0,0,0,0,0,0,0,0,0
"Korea, South",1970,0,0,0,0,0,0,0,0,0,0,0
"Korea, South",1971,0,0,0,0,0,0,0,0,0,0,0
"Korea, South",1972,0,0,0,0,0,0,0,0,0,0,0
"Korea, South",1973,0,0,0,0,0,0,0,0,0,0,0
"Korea, South",1974,0,0,0,0,0,0,0,0,0,0,0
"Korea, South",1975,0,0,0,0,0,0,0,0,0,0,0
"Korea, South",1976,0,0,0,0,0,0,0,0,0,0,0
"Korea, South",1977,0,0,0,0,0,0,0,0,0,0,0
"Korea, South",1978,0,0,0,0,0,0,0,0,0,0,0
"Korea, South",1979,0,0,0,0,0,0,0,0,0,0,0
"Korea, South",1980,0,0,0,0,0,0,0,0,0,0,0
"Korea, South",1981,0,0,0,0,0,0,0,0,0,0,0
"Korea, South",1982,0,0,0,0,0,0,0,0,0,0,0
"Korea, South",1983,0,0,0,0,0,0,0,0,0,0,0
"Korea, South",1984,0,0,0,0,0,0,0,0,0,0,0
"Korea, South",1985,0,0,0,0,0,0,0,0,0,0,0
"Korea, South",1986,0,0,0,0,0,0,0,0,0,0,0
"Korea, South",1987,0,0,0,0,0,0,0,0,0,0,0
"Korea, South",1988,0,0,0,0,0,0,0,0,0,0,0
"Korea, South",1989,0,0,0,0,0,0,0,0,0,0,0
"Korea, South",1990,0,0,0,0,0,0,0,0,0,0,0
"Korea, South",1991,0,0,0,0,0,0,0,0,0,0,0
"Korea, South",1992,0,0,0,0,0,0,0,0,0,0,0
"Korea, South",1993,0,0,0,0,0,0,0,0,0,0,0
"Korea, South",1994,0,0,0,0,0,0,0,0,0,0,0
"Korea, South",1995,0,0,0,0,0,0,0,0,0,0,0
"Korea, South",1996,0,0,0,0,0,0,0,0,0,0,0
"Korea, South",1997,0,0,0,0,0,0,0,0,0,0,0
"Korea, South",1998,0,0,0,0,0,0,0,0,0,0,0
"Korea, South",1999,0,0,0,0,0,0,0,0,0,0,0
"Korea, South",2000,0,0,0,0,0,0,0,0,0,0,0
"Korea, South",2001,0,0,0,0,0,0,0,0,0,0,0
"Korea, South",2002,0,0,0,0,0,0,0,0,0,0,0
"Korea, South",2003,0,0,0,0,0,0,0,0,0,0,0
"Korea, South",2004,0,0,0,0,0,0,0,0,0,0,0
"Korea, South",2005,0,22,0,0,0,22,22,0,0,22,22
"Korea, South",2006,0,12,0,0,0,12,12,0,0,12,12
"Korea, South",2007,0,12,0,0,0,12,12,0,0,12,12
"Korea, South",2008,0,9,0,0,0,9,9,0,0,9,9
"Korea, South",2009,0,11,0,0,0,11,11,0,0,11,11
"Korea, South",2010,0,13,0,0,0,13,13,0,0,13,13
"Korea, South",2011,0,12,0,0,0,12,12,0,0,12,12
"Korea, South",2012,0,12,0,0,0,12,12,0,0,12,12
"Korea, South",2013,0,17,0,0,0,17,17,0,0,17,17
"Korea, South",2014,0,16,0,0,0,16,16,0,0,16,16
"Korea, South",2015,0,15,0,0,0,15,15,0,0,15,15
"Korea, South",2016,0,16,0,0,0,16,16,0,0,16,16
"Korea, South",2017,0,18,0,0,0,18,18,0,0,18,18
"Korea, South",2018,0,19,0,0,0,19,19,0,0,19,19
"Korea, South",2019,0,22,0,0,0,22,22,0,0,22,22
"Korea, South",2020,0,27,0,0,0,27,27,0,0,27,27
"Korea, South",2021,0,36,0,0,0,36,36,0,0,36,36
"Korea, South",2022,0,22,0,0,0,22,22,0,0,22,22
"Korea, South",2023,0,18,0,0,0,18,18,0,0,18,18
Lebanon,1964,5,9,3,0,0,9,0,0,7,12,12
Lebanon,1965,3,9,3,1,0,9,0,0,10,13,13
Lebanon,1966,3,8,0,0,0,8,0,0,5,8,8
Lebanon,1967,0,10,2,0,0,10,0,0,12,12,12
Lebanon,1968,2,6,1,0,0,6,0,0,5,7,7
Lebanon,1969,1,7,1,0,0,7,0,0,7,8,8
Lebanon,1970,1,5,1,0,0,5,2,0,3,6,6
Lebanon,1971,1,9,3,0,0,9,0,0,11,12,12
Lebanon,1972,3,8,1,1,0,8,0,0,7,10,10
Lebanon,1973,1,10,1,2,0,10,0,0,12,13,13
Lebanon,1974,1,10,4,1,0,10,0,0,14,15,15
Lebanon,1975,4,10,1,0,0,10,2,0,5,11,11
Lebanon,1976,1,10,2,1,0,10,0,0,12,13,13
Lebanon,1977,2,8,1,1,0,8,2,0,6,10,10
Lebanon,1978,1,7,1,0,0,7,1,0,6,8,8
Lebanon,1979,1,11,6,0,0,11,1,0,15,17,17
Lebanon,1980,6,9,1,0,0,9,2,0,2,10,10
Lebanon,1981,1,8,8,0,0,8,3,0,12,16,16
Lebanon,1982,8,9,7,1,0,9,1,0,8,17,17
Lebanon,1983,7,12,9,1,0,12,0,0,15,22,22
Lebanon,1984,9,10,7,1,0,10,0,0,9,18,18
Lebanon,1985,7,10,5,1,0,10,0,0,9,16,16
Lebanon,1986,5,10,3,1,0,10,0,0,9,14,14
Lebanon,1987,3,10,0,1,0,10,0,0,8,11,11
Lebanon,1988,0,8,0,1,0,8,0,0,9,9,9
Lebanon,1989,0,7,0,1,0,7,0,0,8,8,8
Lebanon,1990,0,7,1,0,0,7,0,0,8,8,8
Lebanon,1991,1,6,1,0,0,6,1,0,5,7,7
Lebanon,1992,1,7,4,0,0,7,2,0,8,11,11
Lebanon,1993,4,7,1,0,0,7,2,0,2,8,8
Lebanon,1994,1,7,2,0,0,7,3,0,5,9,9
Lebanon,1995,2,7,0,3,0,7,3,0,5,10,10
Lebanon,1996,0,8,4,2,0,8,7,0,7,14,14
Lebanon,1997,4,8,3,2,0,8,5,0,4,13,13
Lebanon,1998,3,8,4,2,0,8,4,0,7,14,14
Lebanon,1999,4,8,4,1,0,8,4,0,5,13,13
Lebanon,2000,4,8,5,1,0,8,4,0,6,14,14
Lebanon,2001,5,7,4,1,0,7,2,0,5,12,12
Lebanon,2002,4,6,2,2,0,6,0,0,6,10,10
Lebanon,2003,2,6,2,2,0,6,0,0,8,10,10
Lebanon,2004,2,5,1,3,0,5,1,0,6,9,9
Lebanon,2005,1,5,1,2,0,5,1,0,6,8,8
Lebanon,2006,1,4,0,4,0,4,1,0,6,8,8
Lebanon,2007,0,7,1,4,0,7,2,0,10,12,12
Lebanon,2008,1,9,1,4,0,9,1,0,12,14,14
Lebanon,2009,1,9,0,4,0,9,3,0,9,13,13
Lebanon,2010,0,13,0,4,0,13,3,0,14,17,17
Lebanon,2011,0,15,2,4,0,15,3,0,18,21,21
Lebanon,2012,2,16,2,4,0,16,6,0,14,22,22
Lebanon,2013,2,16,5,3,0,16,5,0,17,24,24
Lebanon,2014,5,23,7,2,0,23,6,0,21,32,32
Lebanon,2015,7,20,11,4,0,20,5,0,23,35,35
Lebanon,2016,11,23,13,3,0,23,3,0,25,39,39
Lebanon,2017,13,20,12,4,0,20,6,0,17,36,36
Lebanon,2018,12,18,11,4,0,18,3,0,18,33,33
Lebanon,2019,11,16,9,5,0,16,5,0,14,30,30
Lebanon,2020,9,23,11,5,0,23,4,0,26,39,39
Lebanon,2021,11,24,6,4,0,24,1,0,22,34,34
Lebanon,2022,6,26,6,4,0,26,3,0,27,36,36
Lebanon,2023,6,20,3,6,0,20,1,0,22,29,29
Libya,1964,0,18,0,0,0,18,0,0,18,18,18
Libya,1965,0,8,0,0,0,8,5,0,3,8,8
Libya,1966,0,16,0,0,0,16,11,0,5,16,16
Libya,1967,0,31,0,0,0,31,7,0,24,31,31
Libya,1968,0,9,0,0,0,9,3,0,6,9,9
Libya,1969,0,25,0,0,0,25,12,0,13,25,25
Libya,1970,0,23,0,0,0,23,22,0,1,23,23
Libya,1971,0,25,5,0,0,25,10,0,20,30,30
Libya,1972,5,38,6,0,0,38,25,0,14,44,44
Libya,1973,6,26,18,0,0,26,15,0,23,44,44
Libya,1974,18,35,16,0,0,35,21,0,12,51,51
Libya,1975,16,43,12,0,0,43,25,0,14,55,55
Libya,1976,12,41,13,0,0,41,34,0,8,54,54
Libya,1977,13,35,19,0,0,35,37,0,4,54,54
Libya,1978,19,37,11,0,0,37,24,0,5,48,48
Libya,1979,11,37,3,0,0,37,25,0,4,40,40
Libya,1980,3,35,1,0,0,35,25,0,8,36,36
Libya,1981,1,33,1,0,0,33,25,0,8,34,34
Libya,1982,1,33,0,0,0,33,25,0,7,33,33
Libya,1983,0,28,5,0,0,28,25,0,8,33,33
Libya,1984,5,27,10,0,0,27,25,0,7,37,37
Libya,1985,10,33,6,0,0,33,22,0,7,39,39
Libya,1986,6,27,6,0,0,27,20,0,7,33,33
Libya,1987,6,27,6,0,0,27,20,0,7,33,33
Libya,1988,6,23,6,0,0,23,18,0,5,29,29
Libya,1989,6,20,6,0,0,20,15,0,5,26,26
Libya,1990,6,20,3,0,0,20,12,0,5,23,23
Libya,1991,3,21,6,0,0,21,14,0,10,27,27
Libya,1992,6,20,2,0,0,20,11,0,5,22,22
Libya,1993,2,19,3,0,0,19,12,0,8,22,22
Libya,1994,3,14,3,0,0,14,7,0,7,17,17
Libya,1995,3,12,0,0,0,12,5,0,4,12,12
Libya,1996,0,18,5,0,0,18,13,0,10,23,23
Libya,1997,5,17,8,0,0,17,14,0,6,25,25
Libya,1998,8,16,6,0,0,16,6,0,8,22,22
Libya,1999,6,14,3,0,0,14,4,0,7,17,17
Libya,2000,3,12,9,0,0,12,14,0,4,21,21
Libya,2001,9,12,5,0,0,12,1,0,7,17,17
Libya,2002,5,12,2,0,0,12,2,0,7,14,14
Libya,2003,2,12,5,0,0,12,2,0,13,17,17
Libya,2004,5,12,6,0,0,12,0,0,13,18,18
Libya,2005,6,12,2,1,0,12,0,0,9,15,15
Libya,2006,2,20,0,1,0,20,8,0,11,21,21
Libya,2007,0,21,0,0,0,21,8,0,13,21,21
Libya,2008,0,22,1,0,0,22,8,0,15,23,23
Libya,2009,1,24,0,0,0,24,8,0,15,24,24
Libya,2010,0,25,0,0,0,25,10,0,15,25,25
Libya,2011,0,27,0,0,0,27,12,0,15,27,27
Libya,2012,0,27,0,0,0,27,12,0,15,27,27
Libya,2013,0,20,6,0,0,20,8,0,18,26,26
Libya,2014,6,20,10,0,0,20,8,0,16,30,30
Libya,2015,10,20,16,0,0,20,8,0,18,36,36
Libya,2016,16,20,13,0,0,20,1,0,16,33,33
Libya,2017,13,19,12,0,0,19,0,0,18,31,31
Libya,2018,12,19,9,0,0,19,0,0,16,28,28
Libya,2019,9,20,9,0,0,20,3,0,17,29,29
Libya,2020,9,20,11,0,0,20,5,0,17,31,31
Libya,2021,11,20,10,0,0,20,2,0,17,30,30
Libya,2022,10,20,10,0,0,20,2,0,18,30,30
Libya,2023,10,21,9,0,0,21,2,0,18,30,30
Mexico,1964,0,0,0,0,0,0,0,0,0,0,0
Mexico,1965,0,0,0,0,0,0,0,0,0,0,0
Mexico,1966,0,0,0,0,0,0,0,0,0,0,0
Mexico,1967,0,0,0,0,0,0,0,0,0,0,0
Mexico,1968,0,0,0,0,0,0,0,0,0,0,0
Mexico,1969,0,0,0,0,0,0,0,0,0,0,0
Mexico,1970,0,0,0,0,0,0,0,0,0,0,0
Mexico,1971,0,0,0,0,0,0,0,0,0,0,0
Mexico,1972,0,0,0,0,0,0,0,0,0,0,0
Mexico,1973,0,0,0,0,0,0,0,0,0,0,0
Mexico,1974,0,0,0,0,0,0,0,0,0,0,0
Mexico,1975,0,0,0,0,0,0,0,0,0,0,0
Mexico,1976,0,0,0,0,0,0,0,0,0,0,0
Mexico,1977,0,0,0,0,0,0,0,0,0,0,0
Mexico,1978,0,0,0,0,0,0,0,0,0,0,0
Mexico,1979,0,0,0,0,0,0,0,0,0,0,0
Mexico,1980,0,0,0,0,0,0,0,0,0,0,0
Mexico,1981,0,0,0,0,0,0,0,0,0,0,0
Mexico,1982,0,0,0,0,0,0,0,0,0,0,0
Mexico,1983,0,0,0,0,0,0,0,0,0,0,0
Mexico,1984,0,0,0,0,0,0,0,0,0,0,0
Mexico,1985,0,0,0,0,0,0,0,0,0,0,0
Mexico,1986,0,0,0,0,0,0,0,0,0,0,0
Mexico,1987,0,0,0,0,0,0,0,0,0,0,0
Mexico,1988,0,0,0,0,0,0,0,0,0,0,0
Mexico,1989,0,0,0,0,0,0,0,0,0,0,0
Mexico,1990,0,0,0,0,0,0,0,0,0,0,0
Mexico,1991,0,0,0,0,0,0,0,0,0,0,0
Mexico,1992,0,0,0,0,0,0,0,0,0,0,0
Mexico,1993,0,0,0,0,0,0,0,0,0,0,0
Mexico,1994,0,0,0,0,0,0,0,0,0,0,0
Mexico,1995,0,0,0,0,0,0,0,0,0,0,0
Mexico,1996,0,0,0,0,0,0,0,0,0,0,0
Mexico,1997,0,0,0,0,0,0,0,0,0,0,0
Mexico,1998,0,0,0,0,0,0,0,0,0,0,0
Mexico,1999,0,0,0,0,0,0,0,0,0,0,0
Mexico,2000,0,0,0,0,0,0,0,0,0,0,0
Mexico,2001,0,0,0,0,0,0,0,0,0,0,0
Mexico,2002,0,0,0,0,0,0,0,0,0,0,0
Mexico,2003,0,0,0,0,0,0,0,0,0,0,0
Mexico,2004,0,0,0,0,0,0,0,0,0,0,0
Mexico,2005,0,9,0,0,0,9,9,0,0,9,9
Mexico,2006,0,12,0,0,0,12,12,0,0,12,12
Mexico,2007,0,10,0,0,0,10,10,0,0,10,10
Mexico,2008,0,9,0,0,0,9,9,0,0,9,9
Mexico,2009,0,10,0,0,0,10,10,0,0,10,10
Mexico,2010,0,12,0,0,0,12,12,0,0,12,12
Mexico,2011,0,13,0,0,0,13,13,0,0,13,13
Mexico,2012,0,15,0,0,0,15,15,0,0,15,15
Mexico,2013,0,17,0,0,0,17,17,0,0,17,17
Mexico,2014,0,19,0,0,0,19,19,0,0,19,19
Mexico,2015,0,102,2,1,0,102,105,0,0,105,105
Mexico,2016,2,81,1,2,0,81,82,0,0,84,84
Mexico,2017,1,92,3,1,0,92,95,0,0,96,96
Mexico,2018,3,34,0,2,0,34,33,0,0,36,36
Mexico,2019,0,14,0,11,0,14,25,0,0,25,25
Mexico,2020,0,25,0,2,0,25,27,0,0,27,27
Mexico,2021,0,35,11,74,0,35,120,0,0,120,120
Mexico,2022,11,27,4,2,0,27,22,0,0,33,33
Mexico,2023,4,20,0,2,0,20,18,0,0,22,22
Morocco,1964,0,15,0,1,0,15,0,0,16,16,16
Morocco,1965,0,23,0,15,0,23,0,0,38,38,38
Morocco,1966,0,16,0,2,0,16,0,0,18,18,18
Morocco,1967,0,14,0,2,0,14,0,0,16,16,16
Morocco,1968,0,22,0,33,0,22,0,0,55,55,55
Morocco,1969,0,12,0,8,0,12,0,0,20,20,20
Morocco,1970,0,18,0,7,0,18,0,0,25,25,25
Morocco,1971,0,20,20,30,0,20,0,0,70,70,70
Morocco,1972,20,20,8,24,0,20,0,0,32,52,52
Morocco,1973,8,13,0,23,0,13,0,0,28,36,36
Morocco,1974,0,16,0,14,0,16,0,0,30,30,30
Morocco,1975,0,18,0,20,0,18,0,0,38,38,38
Morocco,1976,0,19,0,16,0,19,0,0,35,35,35
Morocco,1977,0,15,0,0,0,15,0,0,15,15,15
Morocco,1978,0,20,0,0,0,20,0,0,20,20,20
Morocco,1979,0,19,0,20,0,19,0,0,39,39,39
Morocco,1980,0,22,0,1,0,22,0,0,23,23,23
Morocco,1981,0,34,0,0,0,34,0,0,34,34,34
Morocco,1982,0,22,0,1,0,22,0,0,23,23,23
Morocco,1983,0,26,1,1,0,26,0,0,28,28,28
Morocco,1984,1,28,1,0,0,28,1,0,27,29,29
Morocco,1985,1,29,1,0,0,29,1,0,28,30,30
Morocco,1986,1,42,2,0,0,42,0,0,43,44,44
Morocco,1987,2,43,1,0,0,43,0,0,42,44,44
Morocco,1988,1,32,1,0,0,32,0,0,32,33,33
Morocco,1989,1,37,4,30,0,37,0,0,70,71,71
Morocco,1990,4,35,8,3,0,35,2,0,40,46,46
Morocco,1991,8,35,17,6,0,35,0,0,50,58,58
Morocco,1992,17,36,21,1,0,36,3,0,38,58,58
Morocco,1993,21,37,27,0,0,37,3,0,40,64,64
Morocco,1994,27,42,27,6,0,42,3,0,45,75,75
Morocco,1995,27,44,8,11,0,44,1,0,35,63,63
Morocco,1996,8,48,32,39,0,48,1,0,110,119,119
Morocco,1997,32,49,47,7,0,49,1,0,70,103,103
Morocco,1998,47,55,38,20,0,55,1,0,65,113,113
Morocco,1999,38,54,21,4,0,54,1,0,40,79,79
Morocco,2000,21,53,5,2,0,53,4,0,35,60,60
Morocco,2001,5,54,13,2,0,54,4,0,60,69,69
Morocco,2002,13,54,16,0,0,54,12,0,45,70,70
Morocco,2003,16,55,34,28,0,55,1,0,100,117,117
Morocco,2004,34,55,13,17,0,55,1,0,50,85,85
Morocco,2005,13,55,4,31,0,55,2,0,75,90,90
Morocco,2006,4,80,2,3,0,80,6,0,75,85,85
Morocco,2007,2,85,3,5,0,85,6,0,85,93,93
Morocco,2008,3,95,7,4,0,95,18,0,85,106,106
Morocco,2009,7,105,26,19,0,105,3,0,140,150,150
Morocco,2010,26,115,3,41,0,115,3,0,130,159,159
Morocco,2011,3,115,3,10,0,115,5,0,120,128,128
Morocco,2012,3,113,0,19,0,113,9,0,120,132,132
Morocco,2013,0,105,16,15,0,105,6,0,130,136,136
Morocco,2014,16,100,5,37,0,100,6,0,120,142,142
Morocco,2015,5,100,20,24,0,100,9,0,130,144,144
Morocco,2016,20,100,14,23,0,100,7,0,110,137,137
Morocco,2017,14,130,11,25,0,130,12,0,140,166,166
Morocco,2018,11,145,24,47,0,145,5,0,200,216,216
Morocco,2019,24,135,24,17,0,135,7,0,145,176,176
Morocco,2020,24,140,25,27,0,140,8,0,160,192,192
Morocco,2021,25,140,35,46,0,140,6,0,190,221,221
Morocco,2022,35,120,23,11,0,120,12,0,107,154,154
Morocco,2023,23,110,12,15,0,110,8,0,106,137,137
Netherlands,1964,0,0,0,0,0,0,0,0,0,0,0
Netherlands,1965,0,0,0,0,0,0,0,0,0,0,0
Netherlands,1966,0,0,0,0,0,0,0,0,0,0,0
Netherlands,1967,0,0,0,0,0,0,0,0,0,0,0
Netherlands,1968,0,0,0,0,0,0,0,0,0,0,0
Netherlands,1969,0,0,0,0,0,0,0,0,0,0,0
Netherlands,1970,0,1,0,0,0,1,1,0,0,1,1
Netherlands,1971,0,1,0,0,0,1,1,0,0,1,1
Netherlands,1972,0,1,0,0,0,1,1,0,0,1,1
Netherlands,1973,0,1,0,0,0,1,1,0,0,1,1
Netherlands,1974,0,1,0,0,0,1,1,0,0,1,1
Netherlands,1975,0,0,0,2,0,0,2,0,0,2,2
Netherlands,1976,0,1,0,0,0,1,1,0,0,1,1
Netherlands,1977,0,1,0,0,0,1,1,0,0,1,1
Netherlands,1978,0,1,0,0,0,1,1,0,0,1,1
Netherlands,1979,0,0,0,1,0,0,1,0,0,1,1
Netherlands,1980,0,1,0,0,0,1,1,0,0,1,1
Netherlands,1981,0,1,0,0,0,1,1,0,0,1,1
Netherlands,1982,0,1,0,0,0,1,1,0,0,1,1
Netherlands,1983,0,1,0,0,0,1,1,0,0,1,1
Netherlands,1984,0,1,0,0,0,1,1,0,0,1,1
Netherlands,1985,0,9,0,0,0,9,9,0,0,9,9
Netherlands,1986,0,1,0,0,0,1,1,0,0,1,1
Netherlands,1987,0,1,0,0,0,1,1,0,0,1,1
Netherlands,1988,0,1,0,0,0,1,1,0,0,1,1
Netherlands,1989,0,2,0,0,0,2,2,0,0,2,2
Netherlands,1990,0,2,0,0,0,2,2,0,0,2,2
Netherlands,1991,0,0,0,0,0,0,0,0,0,0,0
Netherlands,1992,0,0,0,0,0,0,0,0,0,0,0
Netherlands,1993,0,0,0,0,0,0,0,0,0,0,0
Netherlands,1994,0,0,0,0,0,0,0,0,0,0,0
Netherlands,1995,0,0,0,0,0,0,0,0,0,0,0
Netherlands,1996,0,0,0,0,0,0,0,0,0,0,0
Netherlands,1997,0,0,0,0,0,0,0,0,0,0,0
Netherlands,1998,0,0,0,0,0,0,0,0,0,0,0
Netherlands,1999,0,0,0,0,0,0,0,0,0,0,0
Netherlands,2000,0,0,0,0,0,0,0,0,0,0,0
Netherlands,2001,0,0,0,0,0,0,0,0,0,0,0
Netherlands,2002,0,0,0,0,0,0,0,0,0,0,0
Netherlands,2003,0,0,0,0,0,0,0,0,0,0,0
Netherlands,2004,0,0,0,0,0,0,0,0,0,0,0
Netherlands,2005,0,0,0,0,0,0,0,0,0,0,0
Netherlands,2006,0,0,0,0,0,0,0,0,0,0,0
Netherlands,2007,0,0,0,0,0,0,0,0,0,0,0
Netherlands,2008,0,0,0,0,0,0,0,0,0,0,0
Netherlands,2009,0,0,0,0,0,0,0,0,0,0,0
Netherlands,2010,0,0,0,0,0,0,0,0,0,0,0
Netherlands,2011,0,0,0,0,0,0,0,0,0,0,0
Netherlands,2012,0,0,0,0,0,0,0,0,0,0,0
Netherlands,2013,0,0,0,0,0,0,0,0,0,0,0
Netherlands,2014,0,0,0,0,0,0,0,0,0,0,0
Netherlands,2015,0,0,0,0,0,0,0,0,0,0,0
Netherlands,2016,0,0,0,0,0,0,0,0,0,0,0
Netherlands,2017,0,0,0,0,0,0,0,0,0,0,0
Netherlands,2018,0,0,0,0,0,0,0,0,0,0,0
Netherlands,2019,0,0,0,0,0,0,0,0,0,0,0
Netherlands,2020,0,0,0,0,0,0,0,0,0,0,0
Netherlands,2021,0,0,0,0,0,0,0,0,0,0,0
Netherlands,2022,0,0,0,0,0,0,0,0,0,0,0
Netherlands,2023,0,0,0,0,0,0,0,0,0,0,0
Norway,1964,0,2,0,0,0,2,2,0,0,2,2
Norway,1965,0,2,0,0,0,2,2,0,0,2,2
Norway,1966,0,1,0,0,0,1,1,0,0,1,1
Norway,1967,0,1,0,0,0,1,1,0,0,1,1
Norway,1968,0,1,0,0,0,1,1,0,0,1,1
Norway,1969,0,1,0,0,0,1,1,0,0,1,1
Norway,1970,0,1,0,0,0,1,1,0,0,1,1
Norway,1971,0,1,0,0,0,1,1,0,0,1,1
Norway,1972,0,1,0,0,0,1,1,0,0,1,1
Norway,1973,0,0,0,0,0,0,0,0,0,0,0
Norway,1974,0,0,0,0,0,0,0,0,0,0,0
Norway,1975,0,0,0,0,0,0,0,0,0,0,0
Norway,1976,0,0,0,0,0,0,0,0,0,0,0
Norway,1977,0,0,0,0,0,0,0,0,0,0,0
Norway,1978,0,0,0,0,0,0,0,0,0,0,0
Norway,1979,0,0,0,0,0,0,0,0,0,0,0
Norway,1980,0,0,0,0,0,0,0,0,0,0,0
Norway,1981,0,0,0,0,0,0,0,0,0,0,0
Norway,1982,0,0,0,0,0,0,0,0,0,0,0
Norway,1983,0,0,0,0,0,0,0,0,0,0,0
Norway,1984,0,0,0,0,0,0,0,0,0,0,0
Norway,1985,0,0,0,0,0,0,0,0,0,0,0
Norway,1986,0,0,0,0,0,0,0,0,0,0,0
Norway,1987,0,0,0,0,0,0,0,0,0,0,0
Norway,1988,0,0,0,0,0,0,0,0,0,0,0
Norway,1989,0,0,0,0,0,0,0,0,0,0,0
Norway,1990,0,0,0,0,0,0,0,0,0,0,0
Norway,1991,0,0,0,0,0,0,0,0,0,0,0
Norway,1992,0,0,0,0,0,0,0,0,0,0,0
Norway,1993,0,0,0,0,0,0,0,0,0,0,0
Norway,1994,0,0,0,0,0,0,0,0,0,0,0
Norway,1995,0,0,0,0,0,0,0,0,0,0,0
Norway,1996,0,0,0,0,0,0,0,0,0,0,0
Norway,1997,0,0,0,0,0,0,0,0,0,0,0
Norway,1998,0,0,0,0,0,0,0,0,0,0,0
Norway,1999,0,0,0,0,0,0,0,0,0,0,0
Norway,2000,0,0,0,0,0,0,0,0,0,0,0
Norway,2001,0,0,0,0,0,0,0,0,0,0,0
Norway,2002,0,0,0,0,0,0,0,0,0,0,0
Norway,2003,0,0,0,0,0,0,0,0,0,0,0
Norway,2004,0,0,0,0,0,0,0,0,0,0,0
Norway,2005,0,0,0,0,0,0,0,0,0,0,0
Norway,2006,0,0,0,0,0,0,0,0,0,0,0
Norway,2007,0,0,0,0,0,0,0,0,0,0,0
Norway,2008,0,0,0,0,0,0,0,0,0,0,0
Norway,2009,0,0,0,0,0,0,0,0,0,0,0
Norway,2010,0,0,0,0,0,0,0,0,0,0,0
Norway,2011,0,0,0,0,0,0,0,0,0,0,0
Norway,2012,0,0,0,0,0,0,0,0,0,0,0
Norway,2013,0,0,0,0,0,0,0,0,0,0,0
Norway,2014,0,0,0,0,0,0,0,0,0,0,0
Norway,2015,0,0,0,0,0,0,0,0,0,0,0
Norway,2016,0,0,0,0,0,0,0,0,0,0,0
Norway,2017,0,0,0,0,0,0,0,0,0,0,0
Norway,2018,0,0,0,0,0,0,0,0,0,0,0
Norway,2019,0,0,0,0,0,0,0,0,0,0,0
Norway,2020,0,0,0,0,0,0,0,0,0,0,0
Norway,2021,0,0,0,0,0,0,0,0,0,0,0
Norway,2022,0,0,0,0,0,0,0,0,0,0,0
Norway,2023,0,0,0,0,0,0,0,0,0,0,0
Portugal,1964,10,52,12,5,0,52,18,0,41,69,69
Portugal,1965,12,65,12,7,0,65,0,0,72,84,84
Portugal,1966,12,34,8,8,0,34,0,0,38,50,50
Portugal,1967,8,61,19,8,0,61,0,0,80,88,88
Portugal,1968,19,41,22,9,0,41,0,0,53,72,72
Portugal,1969,22,94,11,9,0,94,0,0,92,114,114
Portugal,1970,11,67,9,9,0,67,7,0,67,85,85
Portugal,1971,9,64,13,8,0,64,34,0,42,85,85
Portugal,1972,13,63,16,6,0,57,18,6,54,85,85
Portugal,1973,16,47,14,6,0,44,9,3,42,67,67
Portugal,1974,14,44,14,4,0,42,0,2,48,62,62
Portugal,1975,14,46,15,2,0,44,0,2,49,63,63
Portugal,1976,15,43,6,2,0,42,0,1,36,51,51
Portugal,1977,6,36,5,2,0,36,7,0,30,43,43
Portugal,1978,5,38,9,3,0,38,5,0,40,50,50
Portugal,1979,9,42,30,3,0,42,0,0,66,75,75
Portugal,1980,30,43,17,4,0,43,2,0,32,64,64
Portugal,1981,17,37,7,4,0,37,8,0,23,48,48
Portugal,1982,7,42,41,3,0,40,0,2,79,86,86
Portugal,1983,41,32,14,4,0,30,0,2,9,50,50
Portugal,1984,14,39,21,4,0,37,3,2,47,64,64
Portugal,1985,21,38,10,8,0,35,2,3,33,56,56
Portugal,1986,10,35,10,16,0,33,0,2,51,61,61
Portugal,1987,10,37,8,11,0,34,3,3,43,56,56
Portugal,1988,8,39,6,9,0,36,21,3,25,54,54
Portugal,1989,6,41,6,12,0,38,13,3,40,59,59
Portugal,1990,6,41,1,10,0,38,16,3,30,52,52
Portugal,1991,0,0,0,0,0,0,0,0,0,0,0
Portugal,1992,0,0,0,0,0,0,0,0,0,0,0
Portugal,1993,0,0,0,0,0,0,0,0,0,0,0
Portugal,1994,0,0,0,0,0,0,0,0,0,0,0
Portugal,1995,0,0,0,0,0,0,0,0,0,0,0
Portugal,1996,0,0,0,0,0,0,0,0,0,0,0
Portugal,1997,0,0,0,0,0,0,0,0,0,0,0
Portugal,1998,0,0,0,0,0,0,0,0,0,0,0
Portugal,1999,0,0,0,0,0,0,0,0,0,0,0
Portugal,2000,0,0,0,0,0,0,0,0,0,0,0
Portugal,2001,0,0,0,0,0,0,0,0,0,0,0
Portugal,2002,0,0,0,0,0,0,0,0,0,0,0
Portugal,2003,0,0,0,0,0,0,0,0,0,0,0
Portugal,2004,0,0,0,0,0,0,0,0,0,0,0
Portugal,2005,0,0,0,0,0,0,0,0,0,0,0
Portugal,2006,0,0,0,0,0,0,0,0,0,0,0
Portugal,2007,0,0,0,0,0,0,0,0,0,0,0
Portugal,2008,0,0,0,0,0,0,0,0,0,0,0
Portugal,2009,0,0,0,0,0,0,0,0,0,0,0
Portugal,2010,0,0,0,0,0,0,0,0,0,0,0
Portugal,2011,0,0,0,0,0,0,0,0,0,0,0
Portugal,2012,0,0,0,0,0,0,0,0,0,0,0
Portugal,2013,0,0,0,0,0,0,0,0,0,0,0
Portugal,2014,0,0,0,0,0,0,0,0,0,0,0
Portugal,2015,0,0,0,0,0,0,0,0,0,0,0
Portugal,2016,0,0,0,0,0,0,0,0,0,0,0
Portugal,2017,0,0,0,0,0,0,0,0,0,0,0
Portugal,2018,0,0,0,0,0,0,0,0,0,0,0
Portugal,2019,0,0,0,0,0,0,0,0,0,0,0
Portugal,2020,0,0,0,0,0,0,0,0,0,0,0
Portugal,2021,0,0,0,0,0,0,0,0,0,0,0
Portugal,2022,0,0,0,0,0,0,0,0,0,0,0
Portugal,2023,0,0,0,0,0,0,0,0,0,0,0
Russia,1964,0,0,0,0,0,0,0,0,0,0,0
Russia,1965,0,0,0,0,0,0,0,0,0,0,0
Russia,1966,0,0,0,0,0,0,0,0,0,0,0
Russia,1967,0,0,0,0,0,0,0,0,0,0,0
Russia,1968,0,0,0,0,0,0,0,0,0,0,0
Russia,1969,0,0,0,0,0,0,0,0,0,0,0
Russia,1970,0,0,0,0,0,0,0,0,0,0,0
Russia,1971,0,0,0,0,0,0,0,0,0,0,0
Russia,1972,0,0,0,0,0,0,0,0,0,0,0
Russia,1973,0,0,0,0,0,0,0,0,0,0,0
Russia,1974,0,0,0,0,0,0,0,0,0,0,0
Russia,1975,0,0,0,0,0,0,0,0,0,0,0
Russia,1976,0,0,0,0,0,0,0,0,0,0,0
Russia,1977,0,0,0,0,0,0,0,0,0,0,0
Russia,1978,0,0,0,0,0,0,0,0,0,0,0
Russia,1979,0,0,0,0,0,0,0,0,0,0,0
Russia,1980,0,0,0,0,0,0,0,0,0,0,0
Russia,1981,0,0,0,0,0,0,0,0,0,0,0
Russia,1982,0,0,0,0,0,0,0,0,0,0,0
Russia,1983,0,0,0,0,0,0,0,0,0,0,0
Russia,1984,0,0,0,0,0,0,0,0,0,0,0
Russia,1985,0,0,0,0,0,0,0,0,0,0,0
Russia,1986,0,0,0,0,0,0,0,0,0,0,0
Russia,1987,0,0,0,0,0,0,0,0,0,0,0
Russia,1988,0,0,0,0,0,0,0,0,0,0,0
Russia,1989,0,0,0,0,0,0,0,0,0,0,0
Russia,1990,0,0,0,0,0,0,0,0,0,0,0
Russia,1991,0,0,0,0,0,0,0,0,0,0,0
Russia,1992,0,0,0,0,0,0,0,0,0,0,0
Russia,1993,0,0,0,0,0,0,0,0,0,0,0
Russia,1994,0,0,0,0,0,0,0,0,0,0,0
Russia,1995,0,0,0,0,0,0,0,0,0,0,0
Russia,1996,0,0,0,0,0,0,0,0,0,0,0
Russia,1997,0,0,0,0,0,0,0,0,0,0,0
Russia,1998,0,0,0,0,0,0,0,0,0,0,0
Russia,1999,0,0,0,0,0,0,0,0,0,0,0
Russia,2000,0,0,0,0,0,0,0,0,0,0,0
Russia,2001,0,0,0,0,0,0,0,0,0,0,0
Russia,2002,0,0,0,0,0,0,0,0,0,0,0
Russia,2003,0,0,0,0,0,0,0,0,0,0,0
Russia,2004,0,0,0,0,0,0,0,0,0,0,0
Russia,2005,0,11,0,0,0,11,11,0,0,11,11
Russia,2006,0,17,0,0,0,17,17,0,0,17,17
Russia,2007,0,19,0,0,0,19,19,0,0,19,19
Russia,2008,0,16,0,0,0,16,16,0,0,16,16
Russia,2009,0,25,0,0,0,25,25,0,0,25,25
Russia,2010,0,27,0,0,0,27,27,0,0,27,27
Russia,2011,0,31,0,0,0,31,31,0,0,31,31
Russia,2012,0,32,0,0,0,32,32,0,0,32,32
Russia,2013,0,36,0,0,0,36,36,0,0,36,36
Russia,2014,0,21,0,0,0,21,21,0,0,21,21
Russia,2015,0,25,0,0,0,25,25,0,0,25,25
Russia,2016,0,24,0,0,0,24,24,0,0,24,24
Russia,2017,0,26,0,0,0,26,26,0,0,26,26
Russia,2018,0,29,0,0,0,29,29,0,0,29,29
Russia,2019,0,33,0,0,0,33,33,0,0,33,33
Russia,2020,0,37,0,0,0,37,37,0,0,37,37
Russia,2021,0,20,0,0,0,20,20,0,0,20,20
Russia,2022,0,16,0,0,0,16,16,0,0,16,16
Russia,2023,0,8,0,0,0,8,8,0,0,8,8
Saudi Arabia,1964,0,0,0,0,0,0,0,0,0,0,0
Saudi Arabia,1965,0,0,0,0,0,0,0,0,0,0,0
Saudi Arabia,1966,0,1,0,0,0,1,1,0,0,1,1
Saudi Arabia,1967,0,1,0,0,0,1,1,0,0,1,1
Saudi Arabia,1968,0,1,0,0,0,1,1,0,0,1,1
Saudi Arabia,1969,0,1,0,0,0,1,1,0,0,1,1
Saudi Arabia,1970,0,1,0,0,0,1,1,0,0,1,1
Saudi Arabia,1971,0,1,0,0,0,1,1,0,0,1,1
Saudi Arabia,1972,0,1,0,0,0,1,1,0,0,1,1
Saudi Arabia,1973,0,1,0,0,0,1,1,0,0,1,1
Saudi Arabia,1974,0,1,0,0,0,1,1,0,0,1,1
Saudi Arabia,1975,0,2,0,0,0,2,2,0,0,2,2
Saudi Arabia,1976,0,1,0,0,0,1,1,0,0,1,1
Saudi Arabia,1977,0,2,0,0,0,2,2,0,0,2,2
Saudi Arabia,1978,0,3,0,0,0,3,3,0,0,3,3
Saudi Arabia,1979,0,7,0,0,0,7,7,0,0,7,7
Saudi Arabia,1980,0,9,0,0,0,9,9,0,0,9,9
Saudi Arabia,1981,0,11,0,0,0,11,11,0,0,11,11
Saudi Arabia,1982,0,11,0,0,0,11,11,0,0,11,11
Saudi Arabia,1983,0,10,0,0,0,10,10,0,0,10,10
Saudi Arabia,1984,0,12,0,0,0,12,12,0,0,12,12
Saudi Arabia,1985,0,8,0,0,0,8,8,0,0,8,8
Saudi Arabia,1986,0,8,0,0,0,8,8,0,0,8,8
Saudi Arabia,1987,0,5,0,0,0,5,5,0,0,5,5
Saudi Arabia,1988,0,8,0,0,0,8,8,0,0,8,8
Saudi Arabia,1989,0,8,0,0,0,8,8,0,0,8,8
Saudi Arabia,1990,0,8,0,0,0,8,8,0,0,8,8
Saudi Arabia,1991,0,7,1,0,0,7,8,0,0,8,8
Saudi Arabia,1992,1,8,1,0,0,8,8,0,0,9,9
Saudi Arabia,1993,1,8,1,0,0,8,8,0,0,9,9
Saudi Arabia,1994,1,8,1,0,0,8,8,0,0,9,9
Saudi Arabia,1995,1,8,1,0,0,8,8,0,0,9,9
Saudi Arabia,1996,1,7,1,0,0,7,7,0,0,8,8
Saudi Arabia,1997,1,11,0,0,1,10,10,0,0,11,11
Saudi Arabia,1998,0,9,0,0,0,9,9,0,0,9,9
Saudi Arabia,1999,0,8,0,0,0,8,8,0,0,8,8
Saudi Arabia,2000,0,9,0,0,0,9,9,0,0,9,9
Saudi Arabia,2001,0,13,0,0,0,13,12,0,1,13,13
Saudi Arabia,2002,0,13,0,0,0,13,12,0,1,13,13
Saudi Arabia,2003,0,12,1,0,0,12,12,0,1,13,13
Saudi Arabia,2004,1,13,0,0,0,13,10,0,2,13,13
Saudi Arabia,2005,0,14,0,0,0,14,11,0,3,14,14
Saudi Arabia,2006,0,15,0,0,0,15,12,0,3,15,15
Saudi Arabia,2007,0,16,0,0,0,16,13,0,3,16,16
Saudi Arabia,2008,0,18,0,0,0,18,15,0,3,18,18
Saudi Arabia,2009,0,17,0,0,0,17,14,0,3,17,17
Saudi Arabia,2010,0,18,0,0,0,18,15,0,3,18,18
Saudi Arabia,2011,0,22,0,0,0,22,19,0,3,22,22
Saudi Arabia,2012,0,23,0,0,0,23,20,0,3,23,23
Saudi Arabia,2013,0,18,0,0,0,18,15,0,3,18,18
Saudi Arabia,2014,0,23,0,0,0,23,20,0,3,23,23
Saudi Arabia,2015,0,28,4,1,0,28,30,0,3,33,33
Saudi Arabia,2016,4,30,0,1,0,30,24,0,3,31,31
Saudi Arabia,2017,0,34,1,0,0,34,32,0,3,35,35
Saudi Arabia,2018,1,35,2,1,0,35,34,0,3,38,38
Saudi Arabia,2019,2,37,3,0,0,37,35,0,3,40,40
Saudi Arabia,2020,3,40,8,1,0,40,43,0,3,49,49
Saudi Arabia,2021,8,40,7,1,0,40,37,0,3,48,48
Saudi Arabia,2022,7,40,8,1,0,40,39,0,3,49,49
Saudi Arabia,2023,8,38,2,1,0,38,30,0,3,41,41
Spain,1964,350,221,134,105,0,221,0,0,110,460,460
Spain,1965,134,259,114,85,0,259,0,0,324,458,458
Spain,1966,114,255,206,90,0,255,0,0,437,551,551
Spain,1967,206,272,151,42,0,272,0,0,259,465,465
Spain,1968,151,281,279,71,0,281,0,0,480,631,631
Spain,1969,279,285,168,184,0,285,0,0,358,637,637
Spain,1970,168,301,147,195,0,301,0,0,475,643,643
Spain,1971,147,290,103,95,0,290,0,0,341,488,488
Spain,1972,103,328,58,157,0,328,0,0,440,543,543
Spain,1973,58,334,97,74,0,334,0,0,447,505,505
Spain,1974,97,276,102,52,0,276,0,0,333,430,430
Spain,1975,102,262,214,81,0,262,0,0,455,557,557
Spain,1976,214,285,208,111,0,285,0,0,390,604,604
Spain,1977,208,312,180,77,0,312,0,0,361,569,569
Spain,1978,180,367,220,93,0,367,0,0,500,680,680
Spain,1979,220,346,185,122,0,346,0,0,433,653,653
Spain,1980,185,331,275,58,0,331,0,0,479,664,664
Spain,1981,275,348,195,32,0,346,0,2,300,575,575
Spain,1982,195,342,455,64,0,340,0,2,666,861,861
Spain,1983,455,319,345,49,0,317,0,2,258,713,713
Spain,1984,345,347,440,247,0,345,0,2,689,1034,1034
Spain,1985,440,362,365,113,0,360,3,2,397,840,840
Spain,1986,365,372,214,272,0,370,0,2,493,858,858
Spain,1987,214,385,319,202,0,380,1,5,691,906,906
Spain,1988,319,365,213,136,0,360,19,5,376,714,714
Spain,1989,213,364,231,177,0,359,8,5,551,772,772
Spain,1990,231,395,118,397,0,390,40,5,639,910,910
Spain,1991,0,0,0,0,0,0,0,0,0,0,0
Spain,1992,0,0,0,0,0,0,0,0,0,0,0
Spain,1993,0,0,0,0,0,0,0,0,0,0,0
Spain,1994,0,0,0,0,0,0,0,0,0,0,0
Spain,1995,0,0,0,0,0,0,0,0,0,0,0
Spain,1996,0,0,0,0,0,0,0,0,0,0,0
Spain,1997,0,0,0,0,0,0,0,0,0,0,0
Spain,1998,0,0,0,0,0,0,0,0,0,0,0
Spain,1999,0,0,0,0,0,0,0,0,0,0,0
Spain,2000,0,0,0,0,0,0,0,0,0,0,0
Spain,2001,0,0,0,0,0,0,0,0,0,0,0
Spain,2002,0,0,0,0,0,0,0,0,0,0,0
Spain,2003,0,0,0,0,0,0,0,0,0,0,0
Spain,2004,0,0,0,0,0,0,0,0,0,0,0
Spain,2005,0,0,0,0,0,0,0,0,0,0,0
Spain,2006,0,0,0,0,0,0,0,0,0,0,0
Spain,2007,0,0,0,0,0,0,0,0,0,0,0
Spain,2008,0,0,0,0,0,0,0,0,0,0,0
Spain,2009,0,0,0,0,0,0,0,0,0,0,0
Spain,2010,0,0,0,0,0,0,0,0,0,0,0
Spain,2011,0,0,0,0,0,0,0,0,0,0,0
Spain,2012,0,0,0,0,0,0,0,0,0,0,0
Spain,2013,0,0,0,0,0,0,0,0,0,0,0
Spain,2014,0,0,0,0,0,0,0,0,0,0,0
Spain,2015,0,0,0,0,0,0,0,0,0,0,0
Spain,2016,0,0,0,0,0,0,0,0,0,0,0
Spain,2017,0,0,0,0,0,0,0,0,0,0,0
Spain,2018,0,0,0,0,0,0,0,0,0,0,0
Spain,2019,0,0,0,0,0,0,0,0,0,0,0
Spain,2020,0,0,0,0,0,0,0,0,0,0,0
Spain,2021,0,0,0,0,0,0,0,0,0,0,0
Spain,2022,0,0,0,0,0,0,0,0,0,0,0
Spain,2023,0,0,0,0,0,0,0,0,0,0,0
Switzerland,1964,0,2,0,0,0,2,2,0,0,2,2
Switzerland,1965,0,3,0,0,0,3,3,0,0,3,3
Switzerland,1966,0,3,0,0,0,3,3,0,0,3,3
Switzerland,1967,0,2,0,0,0,2,2,0,0,2,2
Switzerland,1968,0,3,0,0,0,3,3,0,0,3,3
Switzerland,1969,0,3,0,0,0,3,3,0,0,3,3
Switzerland,1970,0,3,0,0,0,3,3,0,0,3,3
Switzerland,1971,0,3,0,0,0,3,3,0,0,3,3
Switzerland,1972,0,3,0,4,0,3,7,0,0,7,7
Switzerland,1973,0,3,0,6,0,3,9,0,0,9,9
Switzerland,1974,0,2,0,5,0,2,7,0,0,7,7
Switzerland,1975,0,3,0,2,0,3,5,0,0,5,5
Switzerland,1976,0,2,0,1,0,2,3,0,0,3,3
Switzerland,1977,0,2,0,1,0,2,3,0,0,3,3
Switzerland,1978,0,2,0,0,0,2,2,0,0,2,2
Switzerland,1979,0,2,0,0,0,2,2,0,0,2,2
Switzerland,1980,0,2,0,0,0,2,2,0,0,2,2
Switzerland,1981,0,2,0,0,0,2,2,0,0,2,2
Switzerland,1982,0,2,0,0,0,2,2,0,0,2,2
Switzerland,1983,0,2,0,0,0,2,2,0,0,2,2
Switzerland,1984,0,2,0,0,0,2,2,0,0,2,2
Switzerland,1985,0,2,0,0,0,2,2,0,0,2,2
Switzerland,1986,0,3,0,0,0,3,3,0,0,3,3
Switzerland,1987,0,3,0,0,0,3,3,0,0,3,3
Switzerland,1988,0,3,0,0,0,3,3,0,0,3,3
Switzerland,1989,0,3,0,0,0,3,3,0,0,3,3
Switzerland,1990,0,3,0,0,0,3,3,0,0,3,3
Switzerland,1991,0,3,0,0,0,3,3,0,0,3,3
Switzerland,1992,0,3,0,0,0,3,3,0,0,3,3
Switzerland,1993,0,4,0,0,0,4,4,0,0,4,4
Switzerland,1994,0,4,0,0,0,4,4,0,0,4,4
Switzerland,1995,0,4,0,0,0,4,4,0,0,4,4
Switzerland,1996,0,5,0,0,0,5,5,0,0,5,5
Switzerland,1997,0,7,0,0,0,7,7,0,0,7,7
Switzerland,1998,0,6,0,0,0,6,6,0,0,6,6
Switzerland,1999,0,8,0,0,0,8,8,0,0,8,8
Switzerland,2000,0,8,0,0,0,8,8,0,0,8,8
Switzerland,2001,0,11,0,0,0,11,11,0,0,11,11
Switzerland,2002,0,9,0,0,0,9,9,0,0,9,9
Switzerland,2003,0,11,0,0,0,11,11,0,0,11,11
Switzerland,2004,0,10,0,0,0,10,10,0,0,10,10
Switzerland,2005,0,12,0,0,0,12,12,0,0,12,12
Switzerland,2006,0,12,0,0,0,12,12,0,0,12,12
Switzerland,2007,0,13,0,0,0,13,13,0,0,13,13
Switzerland,2008,0,13,0,0,0,13,13,0,0,13,13
Switzerland,2009,0,13,0,0,0,13,13,0,0,13,13
Switzerland,2010,0,13,0,0,0,13,13,0,0,13,13
Switzerland,2011,0,14,0,0,0,14,14,0,0,14,14
Switzerland,2012,0,14,0,0,0,14,14,0,0,14,14
Switzerland,2013,0,14,0,0,0,14,14,0,0,14,14
Switzerland,2014,0,14,0,0,0,14,14,0,0,14,14
Switzerland,2015,0,15,0,0,0,15,15,0,0,15,15
Switzerland,2016,0,15,0,0,0,15,15,0,0,15,15
Switzerland,2017,0,15,0,0,0,15,15,0,0,15,15
Switzerland,2018,0,15,0,0,0,15,15,0,0,15,15
Switzerland,2019,0,19,0,0,0,19,19,0,0,19,19
Switzerland,2020,0,17,0,0,0,17,17,0,0,17,17
Switzerland,2021,0,17,0,0,0,17,17,0,0,17,17
Switzerland,2022,0,16,0,0,0,16,16,0,0,16,16
Switzerland,2023,0,12,0,0,0,12,12,0,0,12,12
Syria,1964,0,25,0,1,0,25,0,0,26,26,26
Syria,1965,0,12,0,1,0,12,0,0,13,13,13
Syria,1966,0,22,0,1,0,22,0,0,23,23,23
Syria,1967,0,22,0,0,0,22,0,0,22,22,22
Syria,1968,0,21,0,1,0,21,0,0,22,22,22
Syria,1969,0,26,0,0,0,26,0,0,26,26,26
Syria,1970,0,15,0,0,0,15,0,0,15,15,15
Syria,1971,0,23,0,0,0,23,1,0,22,23,23
Syria,1972,0,34,0,0,0,34,1,0,33,34,34
Syria,1973,0,15,0,0,0,15,1,0,14,15,15
Syria,1974,0,47,0,0,0,47,3,0,44,47,47
Syria,1975,0,34,0,0,0,34,1,0,33,34,34
Syria,1976,0,50,0,0,0,50,2,0,48,50,50
Syria,1977,0,39,0,0,0,39,1,0,38,39,39
Syria,1978,0,67,0,0,0,67,1,0,66,67,67
Syria,1979,0,46,0,0,0,46,4,0,42,46,46
Syria,1980,0,60,27,0,0,60,4,0,83,87,87
Syria,1981,27,77,0,0,0,70,6,7,44,77,77
Syria,1982,0,67,35,0,0,60,5,7,97,102,102
Syria,1983,35,76,2,0,0,70,12,6,31,78,78
Syria,1984,2,48,22,0,0,44,5,4,63,70,70
Syria,1985,22,54,5,0,0,50,5,4,32,59,59
Syria,1986,5,67,23,0,0,63,5,4,80,90,90
Syria,1987,23,66,1,0,0,56,4,10,40,67,67
Syria,1988,1,56,40,0,0,51,4,5,91,96,96
Syria,1989,40,65,3,0,0,55,4,10,24,68,68
Syria,1990,3,70,18,4,0,60,4,10,85,92,92
Syria,1991,18,64,1,1,0,56,6,8,42,66,66
Syria,1992,1,74,11,4,0,64,2,10,86,89,89
Syria,1993,11,74,3,2,0,64,3,10,65,79,79
Syria,1994,3,77,12,5,0,67,1,10,90,94,94
Syria,1995,12,77,0,11,0,67,0,10,76,88,88
Syria,1996,0,80,45,6,0,75,6,5,125,131,131
Syria,1997,45,105,21,0,0,100,3,5,78,126,126
Syria,1998,21,105,46,2,0,105,3,0,129,153,153
Syria,1999,46,110,26,1,0,110,3,0,88,137,137
Syria,2000,26,114,85,11,0,114,1,0,183,210,210
Syria,2001,85,111,56,20,0,111,0,0,102,187,187
Syria,2002,56,111,76,34,0,111,0,0,165,221,221
Syria,2003,76,111,47,28,0,111,0,0,110,186,186
Syria,2004,47,111,89,42,0,111,0,0,195,242,242
Syria,2005,89,111,46,42,0,111,0,0,110,199,199
Syria,2006,46,115,48,55,0,115,0,0,172,218,218
Syria,2007,48,115,0,44,0,115,0,0,111,159,159
Syria,2008,0,120,3,20,0,120,1,0,142,143,143
Syria,2009,3,135,14,18,0,135,1,0,163,167,167
Syria,2010,14,150,26,35,0,150,1,0,196,211,211
Syria,2011,26,150,33,8,0,150,0,0,165,191,191
Syria,2012,33,155,26,7,0,155,0,0,155,188,188
Syria,2013,26,160,41,6,0,160,1,0,180,207,207
Syria,2014,41,100,40,7,0,100,1,0,105,147,147
Syria,2015,40,90,24,37,0,90,1,0,110,151,151
Syria,2016,24,90,18,27,0,90,1,0,110,135,135
Syria,2017,18,70,11,38,0,70,1,0,100,119,119
Syria,2018,11,90,30,46,0,90,1,0,154,166,166
Syria,2019,30,75,18,56,0,75,1,0,118,149,149
Syria,2020,18,75,31,56,0,75,1,0,143,162,162
Syria,2021,31,60,39,37,0,60,0,0,105,136,136
Syria,2022,39,50,30,84,0,50,0,0,125,164,164
Syria,2023,30,50,5,70,0,50,0,0,95,125,125
Tunisia,1964,2,25,27,45,0,25,0,0,95,97,97
Tunisia,1965,27,28,12,40,0,28,0,0,53,80,80
Tunisia,1966,12,12,0,20,0,12,0,0,20,32,32
Tunisia,1967,0,16,1,34,0,16,0,0,51,51,51
Tunisia,1968,1,20,4,32,0,20,0,0,55,56,56
Tunisia,1969,4,9,0,20,0,9,0,0,25,29,29
Tunisia,1970,0,15,5,70,0,15,0,0,90,90,90
Tunisia,1971,5,25,22,125,0,25,0,0,167,172,172
Tunisia,1972,22,19,17,56,0,19,0,0,70,92,92
Tunisia,1973,17,33,36,80,0,33,2,0,130,149,149
Tunisia,1974,36,16,86,51,0,16,0,0,117,153,153
Tunisia,1975,86,71,130,65,0,71,0,0,180,266,266
Tunisia,1976,130,89,72,54,0,89,0,0,85,215,215
Tunisia,1977,72,84,48,70,0,84,0,0,130,202,202
Tunisia,1978,48,41,12,80,0,41,0,0,85,133,133
Tunisia,1979,12,37,12,48,0,37,0,0,85,97,97
Tunisia,1980,12,73,26,66,0,73,8,0,145,165,165
Tunisia,1981,26,45,11,50,0,45,0,0,80,106,106
Tunisia,1982,11,6,20,40,0,6,0,0,55,66,66
Tunisia,1983,20,55,50,65,0,55,0,0,150,170,170
Tunisia,1984,50,46,54,55,0,46,0,0,105,155,155
Tunisia,1985,54,56,62,41,0,56,0,0,105,159,159
Tunisia,1986,62,59,60,57,0,59,0,0,114,176,176
Tunisia,1987,60,33,70,57,0,33,0,0,100,160,160
Tunisia,1988,70,55,58,52,0,55,0,0,95,165,165
Tunisia,1989,58,75,58,55,0,75,0,0,130,188,188
Tunisia,1990,58,91,69,65,0,91,2,0,165,225,225
Tunisia,1991,69,85,151,98,0,85,0,0,265,334,334
Tunisia,1992,151,83,83,95,0,83,0,0,110,261,261
Tunisia,1993,83,63,90,150,0,63,0,0,220,303,303
Tunisia,1994,90,53,29,143,0,53,0,0,135,225,225
Tunisia,1995,29,59,0,50,0,59,0,0,80,109,109
Tunisia,1996,0,65,125,120,0,65,0,0,310,310,310
Tunisia,1997,125,55,35,125,0,55,0,0,90,215,215
Tunisia,1998,35,60,40,165,0,60,0,0,230,265,265
Tunisia,1999,40,65,71,124,0,65,0,0,220,260,260
Tunisia,2000,71,65,40,101,0,65,0,0,135,206,206
Tunisia,2001,40,35,30,25,0,35,0,0,50,90,90
Tunisia,2002,30,32,35,38,0,32,0,0,75,105,105
Tunisia,2003,35,37,70,218,0,37,0,0,290,325,325
Tunisia,2004,70,37,56,118,0,37,1,0,140,211,211
Tunisia,2005,56,30,83,180,0,30,2,0,235,293,293
Tunisia,2006,83,30,91,185,0,30,3,0,220,306,306
Tunisia,2007,91,32,94,187,0,32,2,0,220,313,313
Tunisia,2008,94,33,93,152,0,33,4,0,180,278,278
Tunisia,2009,93,35,94,115,0,35,1,0,150,244,244
Tunisia,2010,94,30,93,107,0,30,1,0,135,230,230
Tunisia,2011,93,35,95,165,0,35,0,0,202,295,295
Tunisia,2012,95,40,120,175,0,40,0,0,240,335,335
Tunisia,2013,120,35,77,85,0,35,2,0,75,197,197
Tunisia,2014,77,30,120,279,0,30,2,0,350,429,429
Tunisia,2015,120,30,133,110,0,30,3,0,150,273,273
Tunisia,2016,133,30,112,93,0,30,2,0,100,235,235
Tunisia,2017,112,35,197,208,0,35,3,0,325,440,440
Tunisia,2018,197,35,130,173,0,35,1,0,140,338,338
Tunisia,2019,130,35,182,355,0,35,2,0,440,572,572
Tunisia,2020,182,30,41,253,0,30,2,0,140,324,324
Tunisia,2021,41,30,43,209,0,30,1,0,240,282,282
Tunisia,2022,43,25,14,186,0,25,2,0,180,225,225
Tunisia,2023,14,25,21,170,0,25,2,0,200,216,216
Turkey,1964,11,67,20,24,0,57,0,10,100,111,111
Turkey,1965,20,64,6,2,0,64,0,0,52,72,72
Turkey,1966,6,73,27,16,0,73,0,0,110,116,116
Turkey,1967,27,78,9,0,0,78,0,0,60,87,87
Turkey,1968,9,84,30,21,0,84,0,0,126,135,135
Turkey,1969,30,77,0,3,0,77,0,0,50,80,80
Turkey,1970,0,80,28,2,0,80,0,0,110,110,110
Turkey,1971,28,79,0,0,0,75,0,4,51,79,79
Turkey,1972,0,72,40,42,0,71,0,1,154,154,154
Turkey,1973,40,65,11,17,0,64,0,1,53,93,93
Turkey,1974,11,81,31,9,0,81,0,0,110,121,121
Turkey,1975,31,80,47,0,0,80,0,0,96,127,127
Turkey,1976,47,80,80,37,0,80,0,0,150,197,197
Turkey,1977,80,95,39,6,0,80,0,15,60,140,140
Turkey,1978,39,100,69,30,0,95,0,5,160,199,199
Turkey,1979,69,97,19,5,0,90,0,7,52,121,121
Turkey,1980,19,94,60,35,0,94,0,0,170,189,189
Turkey,1981,60,75,24,21,0,75,0,0,60,120,120
Turkey,1982,24,77,49,70,0,62,2,15,170,196,196
Turkey,1983,49,66,9,18,0,62,4,4,40,93,93
Turkey,1984,9,76,5,24,0,58,16,18,80,105,105
Turkey,1985,5,59,10,16,0,55,20,4,60,85,85
Turkey,1986,10,65,29,33,0,55,2,10,115,127,127
Turkey,1987,29,45,10,30,0,40,6,5,50,85,85
Turkey,1988,10,62,19,41,0,62,2,0,110,122,122
Turkey,1989,19,61,15,4,0,56,1,5,60,80,80
Turkey,1990,15,60,35,10,0,55,0,5,90,105,105
Turkey,1991,35,60,33,12,0,55,0,5,70,105,105
Turkey,1992,33,70,47,6,0,60,0,10,90,123,123
Turkey,1993,47,70,19,9,0,60,1,10,50,98,98
Turkey,1994,19,80,39,60,0,70,0,10,160,179,179
Turkey,1995,39,54,20,20,0,44,0,10,55,94,94
Turkey,1996,20,87,85,48,0,77,0,10,200,220,220
Turkey,1997,85,70,25,40,0,60,0,10,50,135,135
Turkey,1998,25,85,24,96,0,75,0,10,180,205,205
Turkey,1999,24,74,4,16,0,70,0,4,70,94,94
Turkey,2000,4,85,14,95,0,80,0,5,190,194,194
Turkey,2001,14,53,1,26,0,51,1,2,65,80,80
Turkey,2002,1,66,35,72,0,60,2,6,170,173,173
Turkey,2003,35,46,0,54,0,45,0,1,65,100,100
Turkey,2004,0,65,22,68,0,60,0,5,155,155,155
Turkey,2005,22,80,15,47,0,80,0,0,120,142,142
Turkey,2006,15,90,54,46,0,90,0,0,175,190,190
Turkey,2007,54,100,15,19,0,100,0,0,80,134,134
Turkey,2008,15,120,6,29,0,120,0,0,140,155,155
Turkey,2009,6,130,8,25,0,130,0,0,157,163,163
Turkey,2010,8,140,30,13,0,140,0,0,175,183,183
Turkey,2011,30,140,14,21,0,140,0,0,145,175,175
Turkey,2012,14,85,15,89,0,85,0,0,175,189,189
Turkey,2013,15,105,18,28,0,105,1,0,135,151,151
Turkey,2014,18,145,30,19,0,145,6,0,170,194,194
Turkey,2015,30,135,34,26,0,135,15,0,150,195,195
Turkey,2016,34,145,19,54,0,145,6,0,178,218,218
Turkey,2017,19,175,34,80,0,175,7,0,263,289,289
Turkey,2018,34,180,15,62,0,180,29,0,194,257,257
Turkey,2019,15,185,43,60,0,185,43,0,230,288,288
Turkey,2020,43,190,24,60,0,190,37,0,194,274,274
Turkey,2021,24,190,13,78,0,190,22,0,235,281,281
Turkey,2022,13,190,81,187,0,190,65,0,380,458,458
Turkey,2023,81,150,21,140,0,150,40,0,190,311,311
Union of Soviet Socialist Repu,1964,0,8,0,0,0,8,8,0,0,8,8
Union of Soviet Socialist Repu,1965,0,6,0,0,0,6,6,0,0,6,6
Union of Soviet Socialist Repu,1966,0,7,0,0,0,7,7,0,0,7,7
Union of Soviet Socialist Repu,1967,0,7,0,0,0,7,7,0,0,7,7
Union of Soviet Socialist Repu,1968,0,7,0,0,0,7,7,0,0,7,7
Union of Soviet Socialist Repu,1969,0,8,0,0,0,8,8,0,0,8,8
Union of Soviet Socialist Repu,1970,0,9,0,0,0,9,9,0,0,9,9
Union of Soviet Socialist Repu,1971,0,7,0,0,0,7,7,0,0,7,7
Union of Soviet Socialist Repu,1972,0,4,0,0,0,4,4,0,0,4,4
Union of Soviet Socialist Repu,1973,0,10,0,0,0,10,10,0,0,10,10
Union of Soviet Socialist Repu,1974,0,5,0,0,0,5,5,0,0,5,5
Union of Soviet Socialist Repu,1975,0,9,0,0,0,9,9,0,0,9,9
Union of Soviet Socialist Repu,1976,0,6,0,0,0,6,6,0,0,6,6
Union of Soviet Socialist Repu,1977,0,9,0,0,0,9,9,0,0,9,9
Union of Soviet Socialist Repu,1978,0,7,0,0,0,7,7,0,0,7,7
Union of Soviet Socialist Repu,1979,0,12,0,0,0,12,12,0,0,12,12
Union of Soviet Socialist Repu,1980,0,15,0,0,0,15,15,0,0,15,15
Union of Soviet Socialist Repu,1981,0,8,0,0,0,8,8,0,0,8,8
Union of Soviet Socialist Repu,1982,0,19,0,0,0,19,19,0,0,19,19
Union of Soviet Socialist Repu,1983,0,22,0,0,0,22,22,0,0,22,22
Union of Soviet Socialist Repu,1984,0,30,0,0,0,30,30,0,0,30,30
Union of Soviet Socialist Repu,1985,0,30,0,0,0,26,30,4,0,30,30
Union of Soviet Socialist Repu,1986,0,21,0,0,0,21,21,0,0,21,21
Union of Soviet Socialist Repu,1987,0,0,0,0,0,0,0,0,0,0,0
Union of Soviet Socialist Repu,1988,0,0,0,0,0,0,0,0,0,0,0
Union of Soviet Socialist Repu,1989,0,0,0,0,0,0,0,0,0,0,0
Union of Soviet Socialist Repu,1990,0,0,0,0,0,0,0,0,0,0,0
Union of Soviet Socialist Repu,1991,0,0,0,0,0,0,0,0,0,0,0
Union of Soviet Socialist Repu,1992,0,0,0,0,0,0,0,0,0,0,0
Union of Soviet Socialist Repu,1993,0,0,0,0,0,0,0,0,0,0,0
Union of Soviet Socialist Repu,1994,0,0,0,0,0,0,0,0,0,0,0
Union of Soviet Socialist Repu,1995,0,0,0,0,0,0,0,0,0,0,0
Union of Soviet Socialist Repu,1996,0,0,0,0,0,0,0,0,0,0,0
Union of Soviet Socialist Repu,1997,0,0,0,0,0,0,0,0,0,0,0
Union of Soviet Socialist Repu,1998,0,0,0,0,0,0,0,0,0,0,0
Union of Soviet Socialist Repu,1999,0,0,0,0,0,0,0,0,0,0,0
Union of Soviet Socialist Repu,2000,0,0,0,0,0,0,0,0,0,0,0
Union of Soviet Socialist Repu,2001,0,0,0,0,0,0,0,0,0,0,0
Union of Soviet Socialist Repu,2002,0,0,0,0,0,0,0,0,0,0,0
Union of Soviet Socialist Repu,2003,0,0,0,0,0,0,0,0,0,0,0
Union of Soviet Socialist Repu,2004,0,0,0,0,0,0,0,0,0,0,0
Union of Soviet Socialist Repu,2005,0,0,0,0,0,0,0,0,0,0,0
Union of Soviet Socialist Repu,2006,0,0,0,0,0,0,0,0,0,0,0
Union of Soviet Socialist Repu,2007,0,0,0,0,0,0,0,0,0,0,0
Union of Soviet Socialist Repu,2008,0,0,0,0,0,0,0,0,0,0,0
Union of Soviet Socialist Repu,2009,0,0,0,0,0,0,0,0,0,0,0
Union of Soviet Socialist Repu,2010,0,0,0,0,0,0,0,0,0,0,0
Union of Soviet Socialist Repu,2011,0,0,0,0,0,0,0,0,0,0,0
Union of Soviet Socialist Repu,2012,0,0,0,0,0,0,0,0,0,0,0
Union of Soviet Socialist Repu,2013,0,0,0,0,0,0,0,0,0,0,0
Union of Soviet Socialist Repu,2014,0,0,0,0,0,0,0,0,0,0,0
Union of Soviet Socialist Repu,2015,0,0,0,0,0,0,0,0,0,0,0
Union of Soviet Socialist Repu,2016,0,0,0,0,0,0,0,0,0,0,0
Union of Soviet Socialist Repu,2017,0,0,0,0,0,0,0,0,0,0,0
Union of Soviet Socialist Repu,2018,0,0,0,0,0,0,0,0,0,0,0
Union of Soviet Socialist Repu,2019,0,0,0,0,0,0,0,0,0,0,0
Union of Soviet Socialist Repu,2020,0,0,0,0,0,0,0,0,0,0,0
Union of Soviet Socialist Repu,2021,0,0,0,0,0,0,0,0,0,0,0
Union of Soviet Socialist Repu,2022,0,0,0,0,0,0,0,0,0,0,0
Union of Soviet Socialist Repu,2023,0,0,0,0,0,0,0,0,0,0,0
United Kingdom,1964,0,3,0,0,0,3,3,0,0,3,3
United Kingdom,1965,0,3,0,0,0,3,3,0,0,3,3
United Kingdom,1966,0,3,0,0,0,3,3,0,0,3,3
United Kingdom,1967,0,3,0,0,0,3,3,0,0,3,3
United Kingdom,1968,0,3,0,0,0,3,3,0,0,3,3
United Kingdom,1969,0,3,0,0,0,3,3,0,0,3,3
United Kingdom,1970,0,3,0,0,0,3,3,0,0,3,3
United Kingdom,1971,0,3,0,0,0,3,3,0,0,3,3
United Kingdom,1972,0,3,0,0,0,3,3,0,0,3,3
United Kingdom,1973,0,3,0,0,0,3,3,0,0,3,3
United Kingdom,1974,0,2,0,0,0,2,2,0,0,2,2
United Kingdom,1975,0,2,0,0,0,2,2,0,0,2,2
United Kingdom,1976,0,2,0,0,0,2,2,0,0,2,2
United Kingdom,1977,0,2,0,1,0,2,3,0,0,3,3
United Kingdom,1978,0,2,0,1,0,2,3,0,0,3,3
United Kingdom,1979,0,2,0,1,0,2,3,0,0,3,3
United Kingdom,1980,0,2,0,1,0,2,3,0,0,3,3
United Kingdom,1981,0,3,0,1,0,3,4,0,0,4,4
United Kingdom,1982,0,4,0,0,0,4,4,0,0,4,4
United Kingdom,1983,0,4,0,0,0,4,4,0,0,4,4
United Kingdom,1984,0,4,0,0,0,4,4,0,0,4,4
United Kingdom,1985,0,40,0,0,0,40,40,0,0,40,40
United Kingdom,1986,0,105,0,0,0,105,105,0,0,105,105
United Kingdom,1987,0,6,0,0,0,6,6,0,0,6,6
United Kingdom,1988,0,7,0,0,0,7,7,0,0,7,7
United Kingdom,1989,0,8,0,0,0,8,8,0,0,8,8
United Kingdom,1990,0,10,0,0,0,10,10,0,0,10,10
United Kingdom,1991,0,0,0,0,0,0,0,0,0,0,0
United Kingdom,1992,0,0,0,0,0,0,0,0,0,0,0
United Kingdom,1993,0,0,0,0,0,0,0,0,0,0,0
United Kingdom,1994,0,0,0,0,0,0,0,0,0,0,0
United Kingdom,1995,0,0,0,0,0,0,0,0,0,0,0
United Kingdom,1996,0,0,0,0,0,0,0,0,0,0,0
United Kingdom,1997,0,0,0,0,0,0,0,0,0,0,0
United Kingdom,1998,0,0,0,0,0,0,0,0,0,0,0
United Kingdom,1999,0,0,0,0,0,0,0,0,0,0,0
United Kingdom,2000,0,0,0,0,0,0,0,0,0,0,0
United Kingdom,2001,0,0,0,0,0,0,0,0,0,0,0
United Kingdom,2002,0,0,0,0,0,0,0,0,0,0,0
United Kingdom,2003,0,0,0,0,0,0,0,0,0,0,0
United Kingdom,2004,0,0,0,0,0,0,0,0,0,0,0
United Kingdom,2005,0,0,0,0,0,0,0,0,0,0,0
United Kingdom,2006,0,0,0,0,0,0,0,0,0,0,0
United Kingdom,2007,0,0,0,0,0,0,0,0,0,0,0
United Kingdom,2008,0,0,0,0,0,0,0,0,0,0,0
United Kingdom,2009,0,0,0,0,0,0,0,0,0,0,0
United Kingdom,2010,0,0,0,0,0,0,0,0,0,0,0
United Kingdom,2011,0,0,0,0,0,0,0,0,0,0,0
United Kingdom,2012,0,0,0,0,0,0,0,0,0,0,0
United Kingdom,2013,0,0,0,0,0,0,0,0,0,0,0
United Kingdom,2014,0,0,0,0,0,0,0,0,0,0,0
United Kingdom,2015,0,0,0,0,0,0,0,0,0,0,0
United Kingdom,2016,2,75,5,2,0,75,80,0,0,82,82
United Kingdom,2017,5,65,7,3,0,65,70,0,0,75,75
United Kingdom,2018,7,80,8,3,0,80,84,0,0,91,91
United Kingdom,2019,8,80,9,2,0,80,83,0,0,91,91
United Kingdom,2020,9,85,10,2,0,85,88,0,0,97,97
United Kingdom,2021,10,80,10,2,0,80,82,0,0,92,92
United Kingdom,2022,10,72,4,2,0,72,68,0,0,78,78
United Kingdom,2023,4,57,4,3,0,57,60,0,0,64,64
United States,1964,0,21,0,0,0,21,20,0,1,21,21
United States,1965,0,23,0,0,0,23,22,0,1,23,23
United States,1966,0,26,0,0,0,26,25,0,1,26,26
United States,1967,0,30,0,0,0,30,29,0,1,30,30
United States,1968,0,27,0,0,0,27,26,0,1,27,27
United States,1969,0,29,0,0,0,29,28,0,1,29,29
United States,1970,0,28,0,0,0,28,28,0,0,28,28
United States,1971,0,32,0,0,0,32,31,0,1,32,32
United States,1972,0,28,0,0,0,28,27,0,1,28,28
United States,1973,0,25,0,0,0,25,24,0,1,25,25
United States,1974,0,23,0,0,0,23,22,0,1,23,23
United States,1975,0,29,0,0,0,29,28,0,1,29,29
United States,1976,0,26,0,0,0,26,25,0,1,26,26
United States,1977,0,29,0,0,0,29,28,0,1,29,29
United States,1978,0,28,0,0,0,28,27,0,1,28,28
United States,1979,0,27,0,0,0,27,26,0,1,27,27
United States,1980,0,29,0,0,0,29,28,0,1,29,29
United States,1981,0,30,0,0,0,30,29,0,1,30,30
United States,1982,0,34,0,0,0,34,33,0,1,34,34
United States,1983,0,42,0,0,0,42,41,0,1,42,42
United States,1984,0,45,0,0,0,45,44,0,1,45,45
United States,1985,0,55,0,0,0,55,54,0,1,55,55
United States,1986,0,65,0,0,0,65,64,0,1,65,65
United States,1987,0,76,0,0,0,76,75,0,1,76,76
United States,1988,0,84,0,2,0,84,85,0,1,86,86
United States,1989,0,88,0,4,0,88,91,0,1,92,92
United States,1990,0,97,0,4,0,97,100,0,1,101,101
United States,1991,0,102,0,6,0,102,107,0,1,108,108
United States,1992,0,117,0,7,0,117,123,0,1,124,124
United States,1993,0,120,0,5,0,120,124,0,1,125,125
United States,1994,0,119,0,10,0,119,128,0,1,129,129
United States,1995,0,104,0,11,0,104,114,0,1,115,115
United States,1996,0,139,0,10,0,139,148,0,1,149,149
United States,1997,0,152,0,9,0,152,161,0,0,161,161
United States,1998,0,164,0,7,0,164,170,0,1,171,171
United States,1999,0,184,0,6,0,184,189,0,1,190,190
United States,2000,0,208,0,4,0,208,212,0,0,212,212
United States,2001,0,213,0,5,0,213,218,0,0,218,218
United States,2002,0,215,0,6,0,215,220,0,1,221,221
United States,2003,0,239,0,7,0,239,245,0,1,246,246
United States,2004,0,239,0,11,0,239,248,0,2,250,250
United States,2005,0,235,0,9,0,235,242,0,2,244,244
United States,2006,0,259,0,4,0,259,262,0,1,263,263
United States,2007,0,262,0,4,0,262,264,0,2,266,266
United States,2008,0,275,0,3,0,275,276,0,2,278,278
United States,2009,0,267,0,4,0,267,268,0,3,271,271
United States,2010,0,291,0,4,0,291,290,0,5,295,295
United States,2011,0,315,0,7,0,315,316,0,6,322,322
United States,2012,0,299,0,7,0,299,296,0,10,306,306
United States,2013,0,315,0,6,0,315,311,0,10,321,321
United States,2014,0,310,0,8,0,310,310,0,8,318,318
United States,2015,0,336,0,8,0,336,330,0,14,344,344
United States,2016,0,317,0,13,0,317,316,0,14,330,330
United States,2017,0,324,0,12,0,324,322,0,14,336,336
United States,2018,0,354,0,7,0,354,356,0,5,361,361
United States,2019,0,402,0,7,0,402,397,0,12,409,409
United States,2020,0,386,0,11,0,386,390,0,7,397,397
United States,2021,0,415,0,4,0,415,410,0,9,419,419
United States,2022,0,374,0,6,0,374,371,0,9,380,380
United States,2023,0,350,0,10,0,350,350,0,10,360,360
